DROP TABLE course;
DROP TABLE department;
DROP TABLE teaching;
DROP TABLE enrollment;
DROP TABLE student;
DROP TABLE prerequisite;
DROP TABLE professor;
create table course(courseId varchar(8), cname varchar(50),
credits number, deptNo varchar (20));

INSERT INTO course VALUES('101','Diffusion and Phase Transformation',3,'20');
INSERT INTO course VALUES('105','Image Processing',3,'14');
INSERT INTO course VALUES('123','Differential Equations',3,'20');
INSERT INTO course VALUES('127','Thermodynamics',3,'12');
INSERT INTO course VALUES('130','Differential Geometry',3,'4');
INSERT INTO course VALUES('133','Antidisestablishmentarianism in Modern America',4,'2');
INSERT INTO course VALUES('137','Manufacturing',3,'11');
INSERT INTO course VALUES('139','Number Theory',4,'7');
INSERT INTO course VALUES('158','Elastic Structures',3,'13');
INSERT INTO course VALUES('169','Marine Mammals',3,'19');
INSERT INTO course VALUES('190','Romantic Literature',3,'1');
INSERT INTO course VALUES('192','Drama',4,'10');
INSERT INTO course VALUES('195','Numerical Methods',4,'12');
INSERT INTO course VALUES('200','The Music of the Ramones',4,'8');
INSERT INTO course VALUES('209','International Trade',4,'13');
INSERT INTO course VALUES('224','International Finance',3,'15');
INSERT INTO course VALUES('227','Elastic Structures',4,'10');
INSERT INTO course VALUES('235','International Trade',3,'18');
INSERT INTO course VALUES('236','Design and Analysis of Algorithms',3,'20');
INSERT INTO course VALUES('237','Surfing',3,'13');
INSERT INTO course VALUES('238','The Music of Donovan',3,'20');
INSERT INTO course VALUES('239','The Music of the Ramones',4,'4');
INSERT INTO course VALUES('241','Biostatistics',3,'12');
INSERT INTO course VALUES('242','Rock and Roll',3,'5');
INSERT INTO course VALUES('254','Security',3,'13');
INSERT INTO course VALUES('258','Colloid and Surface Chemistry',3,'18');
INSERT INTO course VALUES('265','Thermal Physics',4,'13');
INSERT INTO course VALUES('267','Hydraulics',4,'4');
INSERT INTO course VALUES('270','Music of the 90s',4,'18');
INSERT INTO course VALUES('272','Geology',3,'20');
INSERT INTO course VALUES('274','Corporate Law',4,'9');
INSERT INTO course VALUES('275','Romantic Literature',3,'10');
INSERT INTO course VALUES('276','Game Design',4,'9');
INSERT INTO course VALUES('278','Greek Tragedy',4,'16');
INSERT INTO course VALUES('284','Topology',4,'9');
INSERT INTO course VALUES('292','Electron Microscopy',4,'7');
INSERT INTO course VALUES('304','Music 2 New for your Instructor',4,'11');
INSERT INTO course VALUES('313','International Trade',3,'5');
INSERT INTO course VALUES('318','Geology',3,'13');
INSERT INTO course VALUES('319','World History',4,'11');
INSERT INTO course VALUES('324','Ponzi Schemes',3,'1');
INSERT INTO course VALUES('328','Composition and Literature',3,'13');
INSERT INTO course VALUES('334','International Trade',3,'15');
INSERT INTO course VALUES('337','Differential Geometry',3,'16');
INSERT INTO course VALUES('338','Graph Theory',3,'17');
INSERT INTO course VALUES('340','Corporate Law',3,'3');
INSERT INTO course VALUES('341','Quantum Mechanics',3,'13');
INSERT INTO course VALUES('344','Quantum Mechanics',4,'8');
INSERT INTO course VALUES('345','Race Car Driving',4,'8');
INSERT INTO course VALUES('348','Compiler Design',3,'19');
INSERT INTO course VALUES('349','Networking',4,'11');
INSERT INTO course VALUES('352','Compiler Design',4,'17');
INSERT INTO course VALUES('353','Operating Systems',3,'17');
INSERT INTO course VALUES('359','Game Programming',4,'9');
INSERT INTO course VALUES('362','Embedded Systems',4,'11');
INSERT INTO course VALUES('366','Computational Biology',3,'7');
INSERT INTO course VALUES('371','Milton',3,'11');
INSERT INTO course VALUES('376','Cost Accounting',4,'4');
INSERT INTO course VALUES('377','Differential Geometry',4,'14');
INSERT INTO course VALUES('391','Virology',3,'2');
INSERT INTO course VALUES('392','Recursive Function Theory',4,'14');
INSERT INTO course VALUES('393','Aerodynamics',3,'10');
INSERT INTO course VALUES('394','C  Programming',3,'15');
INSERT INTO course VALUES('396','C  Programming',3,'10');
INSERT INTO course VALUES('399','RPG Programming',4,'6');
INSERT INTO course VALUES('400','Visual BASIC',4,'17');
INSERT INTO course VALUES('401','Sanitary Engineering',4,'15');
INSERT INTO course VALUES('403','Immunology',3,'2');
INSERT INTO course VALUES('407','Industrial Organization',4,'10');
INSERT INTO course VALUES('408','Bankruptcy',3,'8');
INSERT INTO course VALUES('411','Music of the 80s',4,'20');
INSERT INTO course VALUES('415','Numerical Methods',3,'2');
INSERT INTO course VALUES('416','Data Mining',3,'8');
INSERT INTO course VALUES('421','Aquatic Chemistry',4,'15');
INSERT INTO course VALUES('426','Video Gaming',3,'11');
INSERT INTO course VALUES('436','Stream Processing',4,'4');
INSERT INTO course VALUES('442','Strength of Materials',3,'15');
INSERT INTO course VALUES('443','Journalism',4,'4');
INSERT INTO course VALUES('445','Biostatistics',3,'11');
INSERT INTO course VALUES('451','Database System Concepts',4,'6');
INSERT INTO course VALUES('456','Hebrew',3,'1');
INSERT INTO course VALUES('457','Systems Software',3,'3');
INSERT INTO course VALUES('458','The Renaissance',4,'1');
INSERT INTO course VALUES('461','Physical Chemistry',3,'18');
INSERT INTO course VALUES('468','Fractal Geometry',4,'1');
INSERT INTO course VALUES('476','International Communication',4,'14');
INSERT INTO course VALUES('482','FOCAL Programming',4,'17');
INSERT INTO course VALUES('486','Accounting',3,'12');
INSERT INTO course VALUES('487','Physical Chemistry',3,'3');
INSERT INTO course VALUES('489','Journalism',4,'14');
INSERT INTO course VALUES('493','Music of the 50s',3,'12');
INSERT INTO course VALUES('494','Automobile Mechanics',4,'6');
INSERT INTO course VALUES('496','Aquatic Chemistry',3,'13');
INSERT INTO course VALUES('500','Networking',3,'14');
INSERT INTO course VALUES('527','Graphics',3,'11');
INSERT INTO course VALUES('539','International Finance',3,'9');
INSERT INTO course VALUES('544','Differential Geometry',3,'16');
INSERT INTO course VALUES('545','International Practicum',3,'3');
INSERT INTO course VALUES('546','Creative Writing',4,'20');
INSERT INTO course VALUES('549','Banking and Finance',3,'14');
INSERT INTO course VALUES('558','Environmental Law',3,'17');
INSERT INTO course VALUES('559','Martian History',3,'2');
INSERT INTO course VALUES('561','The Music of Donovan',4,'19');
INSERT INTO course VALUES('571','Plastics',4,'9');
INSERT INTO course VALUES('577','The Music of Dave Edmunds',3,'19');
INSERT INTO course VALUES('580','The Music of Dave Edmunds',4,'4');
INSERT INTO course VALUES('581','Calculus',4,'6');
INSERT INTO course VALUES('582','Marine Mammals',3,'13');
INSERT INTO course VALUES('584','Computability Theory',3,'9');
INSERT INTO course VALUES('586','Image Processing',4,'11');
INSERT INTO course VALUES('591','Shakespeare',4,'6');
INSERT INTO course VALUES('594','Cognitive Psychology',3,'11');
INSERT INTO course VALUES('598','Number Theory',4,'8');
INSERT INTO course VALUES('599','Mechanics',4,'17');
INSERT INTO course VALUES('603','Care and Feeding of Cats',3,'16');
INSERT INTO course VALUES('604','UNIX System Programmming',4,'16');
INSERT INTO course VALUES('608','Electron Microscopy',3,'20');
INSERT INTO course VALUES('612','Mobile Computing',3,'4');
INSERT INTO course VALUES('618','Thermodynamics',4,'7');
INSERT INTO course VALUES('626','Multimedia Design',4,'3');
INSERT INTO course VALUES('628','Existentialism',3,'8');
INSERT INTO course VALUES('629','Finite Element Analysis',3,'13');
INSERT INTO course VALUES('630','Religion',3,'7');
INSERT INTO course VALUES('631','Plasma Physics',4,'19');
INSERT INTO course VALUES('634','Astronomy',4,'13');
INSERT INTO course VALUES('642','Video Gaming',3,'17');
INSERT INTO course VALUES('647','Service-Oriented Architectures',4,'9');
INSERT INTO course VALUES('656','Groups and Rings',4,'1');
INSERT INTO course VALUES('659','Geology',4,'18');
INSERT INTO course VALUES('663','Geology',3,'17');
INSERT INTO course VALUES('664','Elastic Structures',3,'7');
INSERT INTO course VALUES('666','Multivariable Calculus',3,'8');
INSERT INTO course VALUES('679','The Beatles',3,'18');
INSERT INTO course VALUES('680','Electricity and Magnetism',3,'1');
INSERT INTO course VALUES('681','Medieval Civilization or Lack Thereof',3,'7');
INSERT INTO course VALUES('692','Cat Herding',3,'15');
INSERT INTO course VALUES('694','Optics',3,'18');
INSERT INTO course VALUES('696','Heat Transfer',4,'5');
INSERT INTO course VALUES('702','Arabic',3,'2');
INSERT INTO course VALUES('704','Marine Mammals',4,'12');
INSERT INTO course VALUES('716','Medieval Civilization or Lack Thereof',4,'10');
INSERT INTO course VALUES('730','Quantum Mechanics',4,'19');
INSERT INTO course VALUES('731','The Music of Donovan',4,'4');
INSERT INTO course VALUES('735','Greek Tragedy',3,'12');
INSERT INTO course VALUES('747','International Practicum',4,'9');
INSERT INTO course VALUES('748','Tort Law',4,'13');
INSERT INTO course VALUES('760','How to Groom your Cat',3,'8');
INSERT INTO course VALUES('761','Existentialism',3,'15');
INSERT INTO course VALUES('762','The Monkeys',4,'3');
INSERT INTO course VALUES('769','Logic',4,'19');
INSERT INTO course VALUES('770','European History',3,'6');
INSERT INTO course VALUES('774','Game Programming',4,'13');
INSERT INTO course VALUES('780','Geology',3,'17');
INSERT INTO course VALUES('781','Compiler Design',4,'11');
INSERT INTO course VALUES('787','C  Programming',4,'20');
INSERT INTO course VALUES('791','Operating Systems',3,'5');
INSERT INTO course VALUES('792','Image Processing',3,'8');
INSERT INTO course VALUES('793','Decison Support Systems',3,'1');
INSERT INTO course VALUES('795','Death and Taxes',3,'5');
INSERT INTO course VALUES('802','African History',3,'13');
INSERT INTO course VALUES('804','Introduction to Burglary',4,'13');
INSERT INTO course VALUES('805','Composition and Literature',4,'16');
INSERT INTO course VALUES('808','Organic Chemistry',4,'7');
INSERT INTO course VALUES('810','Mobile Computing',3,'12');
INSERT INTO course VALUES('814','Compiler Design',3,'19');
INSERT INTO course VALUES('818','Environmental Law',4,'14');
INSERT INTO course VALUES('820','Assembly Language Programming',3,'13');
INSERT INTO course VALUES('830','Sensor Networks',4,'14');
INSERT INTO course VALUES('841','Fractal Geometry',4,'20');
INSERT INTO course VALUES('843','Environmental Law',4,'18');
INSERT INTO course VALUES('852','World History',4,'15');
INSERT INTO course VALUES('857','UNIX System Programmming',4,'12');
INSERT INTO course VALUES('858','Sailing',4,'18');
INSERT INTO course VALUES('864','Heat Transfer',3,'12');
INSERT INTO course VALUES('867','The IBM 360 Architecture',3,'3');
INSERT INTO course VALUES('875','Bioinformatics',3,'13');
INSERT INTO course VALUES('877','Composition and Literature',4,'2');
INSERT INTO course VALUES('887','Latin',3,'20');
INSERT INTO course VALUES('893','Systems Software',3,'13');
INSERT INTO course VALUES('897','How to Succeed in Business Without Really Trying',4,'10');
INSERT INTO course VALUES('898','Petroleum Engineering',4,'5');
INSERT INTO course VALUES('902','Existentialism',3,'11');
INSERT INTO course VALUES('919','Computability Theory',3,'18');
INSERT INTO course VALUES('922','Microeconomics',4,'11');
INSERT INTO course VALUES('927','Differential Geometry',4,'13');
INSERT INTO course VALUES('947','Real-Time Database Systems',3,'8');
INSERT INTO course VALUES('949','Japanese',3,'9');
INSERT INTO course VALUES('958','Fiction Writing',3,'20');
INSERT INTO course VALUES('959','Bacteriology',4,'4');
INSERT INTO course VALUES('960','Tort Law',3,'1');
INSERT INTO course VALUES('962','Animal Behavior',3,'17');
INSERT INTO course VALUES('963','Groups and Rings',4,'10');
INSERT INTO course VALUES('966','Sanitary Engineering',3,'3');
INSERT INTO course VALUES('969','The Monkeys',4,'14');
INSERT INTO course VALUES('972','Greek Tragedy',4,'17');
INSERT INTO course VALUES('974','Astronautics',3,'8');
INSERT INTO course VALUES('983','Virology',4,'10');
INSERT INTO course VALUES('984','Music of the 50s',3,'3');
INSERT INTO course VALUES('991','Transaction Processing',3,'17');
INSERT INTO course VALUES('998','Immunology',4,'1');
INSERT INTO course VALUES('CS320','CA',3,'9');
INSERT INTO course VALUES('CS630','DL',4,'9');
INSERT INTO course VALUES('CS635','Algorithms',3,'9');

CREATE TABLE department (deptId varchar2(20) NOT NULL,
name varchar2(20) DEFAULT NULL,
hod varchar2(5) DEFAULT NULL,
phone number(10,0) DEFAULT NULL) ;


INSERT INTO department VALUES('deptId','name','hod','phone');
INSERT INTO department VALUES('1','Civil Eng.','NULL','332292557');
INSERT INTO department VALUES('10','Languages','25946','334003639');
INSERT INTO department VALUES('11','Finance','6569','335395566');
INSERT INTO department VALUES('12','Geology','77346','335557297');
INSERT INTO department VALUES('13','Cybernetics','63395','334322161');
INSERT INTO department VALUES('14','Astronomy','43779','334753398');
INSERT INTO department VALUES('15','Athletics','15347','802250552');
INSERT INTO department VALUES('16','Statistics','28400','334514780');
INSERT INTO department VALUES('17','Psychology','22591','323445000');
INSERT INTO department VALUES('18','Math','NULL','335747688');
INSERT INTO department VALUES('19','Elec. Eng.','3199','330900442');
INSERT INTO department VALUES('2','Biology','80759','333314620');
INSERT INTO department VALUES('20','Mech. Eng.','48507','2230437111');
INSERT INTO department VALUES('3','History','NULL','7882324783');
INSERT INTO department VALUES('4','Physics','50330','334643069');
INSERT INTO department VALUES('5','Marketing','36897','336604411');
INSERT INTO department VALUES('6','Pol. Sci.','19368','33221417');
INSERT INTO department VALUES('7','English','28097','334240752');
INSERT INTO department VALUES('8','Accounting','14365','324649974');
INSERT INTO department VALUES('9','Comp. Sci.','3335','334169723');


CREATE TABLE enrollment (
  rollNo varchar(5) NOT NULL,
  courseId varchar(8) NOT NULL,
  sem varchar(6) NOT NULL,
  year decimal(4,0) NOT NULL,
  grade varchar(2) DEFAULT NULL);

INSERT INTO enrollment VALUES('rollNo','courseId','sem',year,'grade');
INSERT INTO enrollment VALUES('1000','319','even',2003,'B');
INSERT INTO enrollment VALUES('1000','362','odd',2005,'B');
INSERT INTO enrollment VALUES('1000','571','even',2004,'D');
INSERT INTO enrollment VALUES('1000','642','odd',2004,'U');
INSERT INTO enrollment VALUES('1000','663','even',2005,'D');
INSERT INTO enrollment VALUES('1000','696','even',2002,'B');
INSERT INTO enrollment VALUES('1000','748','odd',2003,'A');
INSERT INTO enrollment VALUES('1000','802','even',2003,'D');
INSERT INTO enrollment VALUES('10033','408','even',2003,'B');
INSERT INTO enrollment VALUES('10033','443','even',2002,'U');
INSERT INTO enrollment VALUES('10033','445','even',2001,'E');
INSERT INTO enrollment VALUES('10033','457','even',2001,'U');
INSERT INTO enrollment VALUES('10033','603','odd',2003,'B');
INSERT INTO enrollment VALUES('10033','629','even',2003,'C');
INSERT INTO enrollment VALUES('10033','702','even',2001,'A');
INSERT INTO enrollment VALUES('10076','137','even',2002,'B');
INSERT INTO enrollment VALUES('10076','482','odd',2005,'S');
INSERT INTO enrollment VALUES('10076','559','odd',2002,'S');
INSERT INTO enrollment VALUES('10076','629','even',2003,'E');
INSERT INTO enrollment VALUES('10076','663','even',2005,'A');
INSERT INTO enrollment VALUES('10076','696','even',2002,'A');
INSERT INTO enrollment VALUES('10076','747','even',2004,'S');
INSERT INTO enrollment VALUES('1018','192','odd',2002,'B');
INSERT INTO enrollment VALUES('1018','200','odd',2002,'C');
INSERT INTO enrollment VALUES('1018','274','odd',2002,'S');
INSERT INTO enrollment VALUES('1018','319','even',2003,'E');
INSERT INTO enrollment VALUES('1018','401','odd',2003,'E');
INSERT INTO enrollment VALUES('1018','421','odd',2004,'U');
INSERT INTO enrollment VALUES('1018','457','even',2001,'B');
INSERT INTO enrollment VALUES('1018','468','odd',2005,'B');
INSERT INTO enrollment VALUES('1018','482','odd',2005,'S');
INSERT INTO enrollment VALUES('1018','581','even',2005,'B');
INSERT INTO enrollment VALUES('1018','599','even',2003,'S');
INSERT INTO enrollment VALUES('1018','603','odd',2003,'D');
INSERT INTO enrollment VALUES('10204','137','even',2002,'E');
INSERT INTO enrollment VALUES('10204','200','odd',2002,'C');
INSERT INTO enrollment VALUES('10204','274','odd',2002,'B');
INSERT INTO enrollment VALUES('10204','408','even',2003,'E');
INSERT INTO enrollment VALUES('10204','696','even',2002,'C');
INSERT INTO enrollment VALUES('10204','875','even',2005,'S');
INSERT INTO enrollment VALUES('10267','192','odd',2002,'B');
INSERT INTO enrollment VALUES('10267','366','odd',2005,'A');
INSERT INTO enrollment VALUES('10267','545','odd',2001,'S');
INSERT INTO enrollment VALUES('10267','603','odd',2003,'E');
INSERT INTO enrollment VALUES('10267','748','odd',2003,'A');
INSERT INTO enrollment VALUES('10267','793','even',2002,'E');
INSERT INTO enrollment VALUES('10269','408','even',2003,'D');
INSERT INTO enrollment VALUES('10269','421','odd',2004,'C');
INSERT INTO enrollment VALUES('10269','702','even',2001,'S');
INSERT INTO enrollment VALUES('10454','169','odd',2002,'S');
INSERT INTO enrollment VALUES('10454','468','odd',2005,'A');
INSERT INTO enrollment VALUES('10454','482','odd',2005,'D');
INSERT INTO enrollment VALUES('10454','496','odd',2001,'B');
INSERT INTO enrollment VALUES('10454','581','even',2005,'D');
INSERT INTO enrollment VALUES('10454','603','odd',2003,'A');
INSERT INTO enrollment VALUES('10454','629','even',2003,'E');
INSERT INTO enrollment VALUES('10454','802','even',2003,'A');
INSERT INTO enrollment VALUES('10481','319','even',2003,'S');
INSERT INTO enrollment VALUES('10481','362','odd',2005,'C');
INSERT INTO enrollment VALUES('10481','443','even',2002,'E');
INSERT INTO enrollment VALUES('10481','461','odd',2002,'A');
INSERT INTO enrollment VALUES('10481','559','odd',2002,'S');
INSERT INTO enrollment VALUES('10481','571','even',2004,'E');
INSERT INTO enrollment VALUES('10481','581','even',2005,'S');
INSERT INTO enrollment VALUES('10481','696','even',2002,'E');
INSERT INTO enrollment VALUES('10481','702','even',2001,'S');
INSERT INTO enrollment VALUES('10481','747','even',2004,'B');
INSERT INTO enrollment VALUES('10527','105','odd',2002,'U');
INSERT INTO enrollment VALUES('10527','362','odd',2005,'E');
INSERT INTO enrollment VALUES('10527','496','odd',2001,'D');
INSERT INTO enrollment VALUES('10527','545','odd',2001,'B');
INSERT INTO enrollment VALUES('10527','571','even',2004,'B');
INSERT INTO enrollment VALUES('10527','599','even',2003,'S');
INSERT INTO enrollment VALUES('10527','603','odd',2003,'A');
INSERT INTO enrollment VALUES('10556','603','odd',2003,'A');
INSERT INTO enrollment VALUES('10556','747','even',2004,'D');
INSERT INTO enrollment VALUES('10663','192','odd',2002,'D');
INSERT INTO enrollment VALUES('10663','362','odd',2005,'A');
INSERT INTO enrollment VALUES('10663','527','odd',2004,'D');
INSERT INTO enrollment VALUES('10663','571','even',2004,'C');
INSERT INTO enrollment VALUES('10663','735','even',2003,'C');
INSERT INTO enrollment VALUES('10663','808','odd',2003,'U');
INSERT INTO enrollment VALUES('10663','974','odd',2003,'E');
INSERT INTO enrollment VALUES('10693','105','odd',2002,'S');
INSERT INTO enrollment VALUES('10693','362','odd',2005,'U');
INSERT INTO enrollment VALUES('10693','527','odd',2004,'S');
INSERT INTO enrollment VALUES('10693','545','odd',2001,'D');
INSERT INTO enrollment VALUES('10693','642','odd',2004,'C');
INSERT INTO enrollment VALUES('10693','793','even',2002,'B');
INSERT INTO enrollment VALUES('107','105','odd',2002,'A');
INSERT INTO enrollment VALUES('107','274','odd',2002,'S');
INSERT INTO enrollment VALUES('107','362','odd',2005,'A');
INSERT INTO enrollment VALUES('107','366','odd',2005,'C');
INSERT INTO enrollment VALUES('107','408','even',2003,'A');
INSERT INTO enrollment VALUES('107','443','even',2002,'U');
INSERT INTO enrollment VALUES('107','445','even',2001,'S');
INSERT INTO enrollment VALUES('107','457','even',2001,'A');
INSERT INTO enrollment VALUES('107','591','even',2005,'E');
INSERT INTO enrollment VALUES('107','599','even',2003,'A');
INSERT INTO enrollment VALUES('107','642','odd',2004,'E');
INSERT INTO enrollment VALUES('107','663','even',2005,'B');
INSERT INTO enrollment VALUES('107','795','even',2004,'U');
INSERT INTO enrollment VALUES('10705','468','odd',2005,'U');
INSERT INTO enrollment VALUES('10705','642','odd',2004,'A');
INSERT INTO enrollment VALUES('10705','663','even',2005,'U');
INSERT INTO enrollment VALUES('10705','702','even',2001,'C');
INSERT INTO enrollment VALUES('10705','795','even',2004,'E');
INSERT INTO enrollment VALUES('10705','802','even',2003,'A');
INSERT INTO enrollment VALUES('10727','400','odd',2003,'U');
INSERT INTO enrollment VALUES('10727','468','odd',2005,'A');
INSERT INTO enrollment VALUES('10727','545','odd',2001,'C');
INSERT INTO enrollment VALUES('10727','642','odd',2004,'S');
INSERT INTO enrollment VALUES('10727','696','even',2002,'B');
INSERT INTO enrollment VALUES('10727','802','even',2003,'U');
INSERT INTO enrollment VALUES('10736','366','odd',2005,'A');
INSERT INTO enrollment VALUES('10736','559','odd',2002,'U');
INSERT INTO enrollment VALUES('10736','571','even',2004,'B');
INSERT INTO enrollment VALUES('10736','808','odd',2003,'D');
INSERT INTO enrollment VALUES('10736','974','odd',2003,'D');
INSERT INTO enrollment VALUES('108','105','odd',2002,'B');
INSERT INTO enrollment VALUES('108','401','odd',2003,'E');
INSERT INTO enrollment VALUES('108','457','even',2001,'E');
INSERT INTO enrollment VALUES('108','694','odd',2002,'U');
INSERT INTO enrollment VALUES('108','696','even',2002,'C');
INSERT INTO enrollment VALUES('108','747','even',2004,'S');
INSERT INTO enrollment VALUES('108','802','even',2003,'A');
INSERT INTO enrollment VALUES('1080','105','odd',2002,'D');
INSERT INTO enrollment VALUES('1080','591','even',2005,'A');
INSERT INTO enrollment VALUES('1080','747','even',2004,'U');
INSERT INTO enrollment VALUES('1080','808','odd',2003,'S');
INSERT INTO enrollment VALUES('1080','974','odd',2003,'B');
INSERT INTO enrollment VALUES('10814','169','odd',2002,'D');
INSERT INTO enrollment VALUES('10814','445','even',2001,'A');
INSERT INTO enrollment VALUES('10814','527','odd',2004,'D');
INSERT INTO enrollment VALUES('10814','581','even',2005,'E');
INSERT INTO enrollment VALUES('10814','591','even',2005,'B');
INSERT INTO enrollment VALUES('10814','629','even',2003,'E');
INSERT INTO enrollment VALUES('10814','694','odd',2002,'A');
INSERT INTO enrollment VALUES('10814','793','even',2002,'C');
INSERT INTO enrollment VALUES('10834','192','odd',2002,'B');
INSERT INTO enrollment VALUES('10834','366','odd',2005,'B');
INSERT INTO enrollment VALUES('10834','400','odd',2003,'E');
INSERT INTO enrollment VALUES('10834','443','even',2002,'D');
INSERT INTO enrollment VALUES('10834','445','even',2001,'B');
INSERT INTO enrollment VALUES('10834','468','odd',2005,'C');
INSERT INTO enrollment VALUES('10834','559','odd',2002,'U');
INSERT INTO enrollment VALUES('10834','581','even',2005,'B');
INSERT INTO enrollment VALUES('10834','603','odd',2003,'C');
INSERT INTO enrollment VALUES('10834','974','odd',2003,'B');
INSERT INTO enrollment VALUES('10838','362','odd',2005,'A');
INSERT INTO enrollment VALUES('10838','400','odd',2003,'B');
INSERT INTO enrollment VALUES('10838','408','even',2003,'D');
INSERT INTO enrollment VALUES('10838','457','even',2001,'A');
INSERT INTO enrollment VALUES('10838','603','odd',2003,'A');
INSERT INTO enrollment VALUES('10838','663','even',2005,'D');
INSERT INTO enrollment VALUES('10838','702','even',2001,'B');
INSERT INTO enrollment VALUES('10838','760','even',2004,'D');
INSERT INTO enrollment VALUES('10838','875','even',2005,'C');
INSERT INTO enrollment VALUES('10838','927','odd',2002,'A');
INSERT INTO enrollment VALUES('1087','192','odd',2002,'S');
INSERT INTO enrollment VALUES('1087','200','odd',2002,'B');
INSERT INTO enrollment VALUES('1087','400','odd',2003,'D');
INSERT INTO enrollment VALUES('1087','443','even',2002,'D');
INSERT INTO enrollment VALUES('1087','461','odd',2002,'B');
INSERT INTO enrollment VALUES('1087','496','odd',2001,'A');
INSERT INTO enrollment VALUES('1087','545','odd',2001,'U');
INSERT INTO enrollment VALUES('1087','581','even',2005,'B');
INSERT INTO enrollment VALUES('1087','702','even',2001,'B');
INSERT INTO enrollment VALUES('1087','747','even',2004,'A');
INSERT INTO enrollment VALUES('10904','105','odd',2002,'A');
INSERT INTO enrollment VALUES('10904','401','odd',2003,'B');
INSERT INTO enrollment VALUES('10904','581','even',2005,'B');
INSERT INTO enrollment VALUES('10904','629','even',2003,'A');
INSERT INTO enrollment VALUES('10904','696','even',2002,'B');
INSERT INTO enrollment VALUES('10904','735','even',2003,'S');
INSERT INTO enrollment VALUES('10904','795','even',2004,'A');
INSERT INTO enrollment VALUES('10904','802','even',2003,'S');
INSERT INTO enrollment VALUES('10904','927','odd',2002,'B');
INSERT INTO enrollment VALUES('10917','200','odd',2002,'E');
INSERT INTO enrollment VALUES('10917','559','odd',2002,'D');
INSERT INTO enrollment VALUES('10917','696','even',2002,'S');
INSERT INTO enrollment VALUES('10917','735','even',2003,'B');
INSERT INTO enrollment VALUES('10917','802','even',2003,'A');
INSERT INTO enrollment VALUES('10917','974','odd',2003,'U');
INSERT INTO enrollment VALUES('11055','105','odd',2002,'B');
INSERT INTO enrollment VALUES('11055','443','even',2002,'S');
INSERT INTO enrollment VALUES('11055','445','even',2001,'S');
INSERT INTO enrollment VALUES('11055','457','even',2001,'D');
INSERT INTO enrollment VALUES('11055','629','even',2003,'A');
INSERT INTO enrollment VALUES('11055','702','even',2001,'D');
INSERT INTO enrollment VALUES('11057','527','odd',2004,'C');
INSERT INTO enrollment VALUES('11057','559','odd',2002,'B');
INSERT INTO enrollment VALUES('11057','642','odd',2004,'S');
INSERT INTO enrollment VALUES('11057','735','even',2003,'D');
INSERT INTO enrollment VALUES('11057','795','even',2004,'A');
INSERT INTO enrollment VALUES('11057','802','even',2003,'A');
INSERT INTO enrollment VALUES('11076','629','even',2003,'A');
INSERT INTO enrollment VALUES('11076','642','odd',2004,'A');
INSERT INTO enrollment VALUES('11076','702','even',2001,'B');
INSERT INTO enrollment VALUES('11076','974','odd',2003,'C');
INSERT INTO enrollment VALUES('11083','400','odd',2003,'A');
INSERT INTO enrollment VALUES('11083','629','even',2003,'A');
INSERT INTO enrollment VALUES('11083','702','even',2001,'A');
INSERT INTO enrollment VALUES('11083','793','even',2002,'A');
INSERT INTO enrollment VALUES('11095','192','odd',2002,'A');
INSERT INTO enrollment VALUES('11095','421','odd',2004,'B');
INSERT INTO enrollment VALUES('11095','457','even',2001,'A');
INSERT INTO enrollment VALUES('11095','461','odd',2002,'A');
INSERT INTO enrollment VALUES('11095','603','odd',2003,'E');
INSERT INTO enrollment VALUES('11095','629','even',2003,'A');
INSERT INTO enrollment VALUES('11095','802','even',2003,'B');
INSERT INTO enrollment VALUES('1110','482','odd',2005,'U');
INSERT INTO enrollment VALUES('1110','496','odd',2001,'A');
INSERT INTO enrollment VALUES('1110','581','even',2005,'A');
INSERT INTO enrollment VALUES('1110','599','even',2003,'D');
INSERT INTO enrollment VALUES('1110','694','odd',2002,'B');
INSERT INTO enrollment VALUES('1110','735','even',2003,'A');
INSERT INTO enrollment VALUES('1110','747','even',2004,'B');
INSERT INTO enrollment VALUES('1110','802','even',2003,'A');
INSERT INTO enrollment VALUES('1110','974','odd',2003,'D');
INSERT INTO enrollment VALUES('11101','192','odd',2002,'B');
INSERT INTO enrollment VALUES('11101','319','even',2003,'C');
INSERT INTO enrollment VALUES('11126','401','odd',2003,'C');
INSERT INTO enrollment VALUES('11126','461','odd',2002,'B');
INSERT INTO enrollment VALUES('11126','642','odd',2004,'B');
INSERT INTO enrollment VALUES('11152','366','odd',2005,'D');
INSERT INTO enrollment VALUES('11152','443','even',2002,'E');
INSERT INTO enrollment VALUES('11152','694','odd',2002,'S');
INSERT INTO enrollment VALUES('11152','747','even',2004,'A');
INSERT INTO enrollment VALUES('11152','808','odd',2003,'S');
INSERT INTO enrollment VALUES('11194','200','odd',2002,'B');
INSERT INTO enrollment VALUES('11194','421','odd',2004,'A');
INSERT INTO enrollment VALUES('11194','445','even',2001,'A');
INSERT INTO enrollment VALUES('11194','545','odd',2001,'C');
INSERT INTO enrollment VALUES('11194','559','odd',2002,'A');
INSERT INTO enrollment VALUES('11194','591','even',2005,'B');
INSERT INTO enrollment VALUES('11194','642','odd',2004,'D');
INSERT INTO enrollment VALUES('11194','795','even',2004,'A');
INSERT INTO enrollment VALUES('11194','927','odd',2002,'U');
INSERT INTO enrollment VALUES('11195','591','even',2005,'A');
INSERT INTO enrollment VALUES('11195','599','even',2003,'U');
INSERT INTO enrollment VALUES('11195','735','even',2003,'B');
INSERT INTO enrollment VALUES('11195','802','even',2003,'D');
INSERT INTO enrollment VALUES('11195','875','even',2005,'B');
INSERT INTO enrollment VALUES('11201','319','even',2003,'B');
INSERT INTO enrollment VALUES('11201','468','odd',2005,'A');
INSERT INTO enrollment VALUES('11201','581','even',2005,'A');
INSERT INTO enrollment VALUES('11201','702','even',2001,'D');
INSERT INTO enrollment VALUES('11201','760','even',2004,'C');
INSERT INTO enrollment VALUES('11201','793','even',2002,'B');
INSERT INTO enrollment VALUES('11201','802','even',2003,'B');
INSERT INTO enrollment VALUES('11201','875','even',2005,'U');
INSERT INTO enrollment VALUES('11202','200','odd',2002,'A');
INSERT INTO enrollment VALUES('11202','400','odd',2003,'B');
INSERT INTO enrollment VALUES('11202','443','even',2002,'B');
INSERT INTO enrollment VALUES('11202','457','even',2001,'S');
INSERT INTO enrollment VALUES('11202','599','even',2003,'C');
INSERT INTO enrollment VALUES('11237','137','even',2002,'C');
INSERT INTO enrollment VALUES('11237','200','odd',2002,'D');
INSERT INTO enrollment VALUES('11237','559','odd',2002,'D');
INSERT INTO enrollment VALUES('11237','702','even',2001,'C');
INSERT INTO enrollment VALUES('11237','747','even',2004,'B');
INSERT INTO enrollment VALUES('11237','748','odd',2003,'A');
INSERT INTO enrollment VALUES('11237','808','odd',2003,'A');
INSERT INTO enrollment VALUES('11262','105','odd',2002,'B');
INSERT INTO enrollment VALUES('11262','200','odd',2002,'C');
INSERT INTO enrollment VALUES('11262','362','odd',2005,'A');
INSERT INTO enrollment VALUES('11262','408','even',2003,'B');
INSERT INTO enrollment VALUES('11262','461','odd',2002,'E');
INSERT INTO enrollment VALUES('11262','747','even',2004,'B');
INSERT INTO enrollment VALUES('11262','808','odd',2003,'A');
INSERT INTO enrollment VALUES('11377','274','odd',2002,'D');
INSERT INTO enrollment VALUES('11377','401','odd',2003,'C');
INSERT INTO enrollment VALUES('11377','545','odd',2001,'B');
INSERT INTO enrollment VALUES('11377','571','even',2004,'C');
INSERT INTO enrollment VALUES('11377','581','even',2005,'C');
INSERT INTO enrollment VALUES('11377','795','even',2004,'B');
INSERT INTO enrollment VALUES('11419','366','odd',2005,'B');
INSERT INTO enrollment VALUES('11419','527','odd',2004,'U');
INSERT INTO enrollment VALUES('11419','545','odd',2001,'B');
INSERT INTO enrollment VALUES('11419','599','even',2003,'B');
INSERT INTO enrollment VALUES('11419','663','even',2005,'B');
INSERT INTO enrollment VALUES('11419','802','even',2003,'U');
INSERT INTO enrollment VALUES('11422','169','odd',2002,'D');
INSERT INTO enrollment VALUES('11422','274','odd',2002,'A');
INSERT INTO enrollment VALUES('11422','362','odd',2005,'A');
INSERT INTO enrollment VALUES('11422','468','odd',2005,'A');
INSERT INTO enrollment VALUES('11422','559','odd',2002,'D');
INSERT INTO enrollment VALUES('11422','581','even',2005,'E');
INSERT INTO enrollment VALUES('11422','591','even',2005,'D');
INSERT INTO enrollment VALUES('11422','629','even',2003,'A');
INSERT INTO enrollment VALUES('11422','694','odd',2002,'D');
INSERT INTO enrollment VALUES('11422','702','even',2001,'S');
INSERT INTO enrollment VALUES('11441','496','odd',2001,'A');
INSERT INTO enrollment VALUES('11441','571','even',2004,'B');
INSERT INTO enrollment VALUES('11441','629','even',2003,'S');
INSERT INTO enrollment VALUES('11441','696','even',2002,'A');
INSERT INTO enrollment VALUES('11441','735','even',2003,'A');
INSERT INTO enrollment VALUES('11453','274','odd',2002,'A');
INSERT INTO enrollment VALUES('11453','366','odd',2005,'U');
INSERT INTO enrollment VALUES('11453','482','odd',2005,'U');
INSERT INTO enrollment VALUES('11453','581','even',2005,'D');
INSERT INTO enrollment VALUES('11453','591','even',2005,'B');
INSERT INTO enrollment VALUES('11453','663','even',2005,'B');
INSERT INTO enrollment VALUES('11453','696','even',2002,'B');
INSERT INTO enrollment VALUES('11453','747','even',2004,'E');
INSERT INTO enrollment VALUES('11453','795','even',2004,'A');
INSERT INTO enrollment VALUES('11455','105','odd',2002,'B');
INSERT INTO enrollment VALUES('11455','137','even',2002,'S');
INSERT INTO enrollment VALUES('11455','169','odd',2002,'D');
INSERT INTO enrollment VALUES('11455','468','odd',2005,'C');
INSERT INTO enrollment VALUES('11455','591','even',2005,'U');
INSERT INTO enrollment VALUES('11455','642','odd',2004,'D');
INSERT INTO enrollment VALUES('11455','974','odd',2003,'A');
INSERT INTO enrollment VALUES('11510','192','odd',2002,'A');
INSERT INTO enrollment VALUES('11510','274','odd',2002,'B');
INSERT INTO enrollment VALUES('11510','362','odd',2005,'B');
INSERT INTO enrollment VALUES('11510','443','even',2002,'S');
INSERT INTO enrollment VALUES('11510','482','odd',2005,'D');
INSERT INTO enrollment VALUES('11510','496','odd',2001,'A');
INSERT INTO enrollment VALUES('11510','527','odd',2004,'B');
INSERT INTO enrollment VALUES('11510','591','even',2005,'D');
INSERT INTO enrollment VALUES('11510','875','even',2005,'C');
INSERT INTO enrollment VALUES('11510','974','odd',2003,'D');
INSERT INTO enrollment VALUES('11530','319','even',2003,'E');
INSERT INTO enrollment VALUES('11530','421','odd',2004,'B');
INSERT INTO enrollment VALUES('11530','445','even',2001,'C');
INSERT INTO enrollment VALUES('11530','457','even',2001,'B');
INSERT INTO enrollment VALUES('11530','591','even',2005,'A');
INSERT INTO enrollment VALUES('11530','603','odd',2003,'C');
INSERT INTO enrollment VALUES('11530','702','even',2001,'E');
INSERT INTO enrollment VALUES('11530','875','even',2005,'D');
INSERT INTO enrollment VALUES('11578','192','odd',2002,'S');
INSERT INTO enrollment VALUES('11578','319','even',2003,'B');
INSERT INTO enrollment VALUES('11578','468','odd',2005,'A');
INSERT INTO enrollment VALUES('11578','642','odd',2004,'D');
INSERT INTO enrollment VALUES('11578','696','even',2002,'B');
INSERT INTO enrollment VALUES('11578','747','even',2004,'U');
INSERT INTO enrollment VALUES('11578','927','odd',2002,'S');
INSERT INTO enrollment VALUES('11578','974','odd',2003,'E');
INSERT INTO enrollment VALUES('11604','408','even',2003,'B');
INSERT INTO enrollment VALUES('11604','468','odd',2005,'E');
INSERT INTO enrollment VALUES('11604','545','odd',2001,'S');
INSERT INTO enrollment VALUES('11604','599','even',2003,'A');
INSERT INTO enrollment VALUES('11604','747','even',2004,'D');
INSERT INTO enrollment VALUES('11682','169','odd',2002,'U');
INSERT INTO enrollment VALUES('11682','702','even',2001,'B');
INSERT INTO enrollment VALUES('11682','735','even',2003,'E');
INSERT INTO enrollment VALUES('11855','137','even',2002,'C');
INSERT INTO enrollment VALUES('11855','274','odd',2002,'B');
INSERT INTO enrollment VALUES('11855','362','odd',2005,'U');
INSERT INTO enrollment VALUES('11855','366','odd',2005,'A');
INSERT INTO enrollment VALUES('11855','408','even',2003,'D');
INSERT INTO enrollment VALUES('11855','443','even',2002,'A');
INSERT INTO enrollment VALUES('11855','445','even',2001,'B');
INSERT INTO enrollment VALUES('11855','482','odd',2005,'C');
INSERT INTO enrollment VALUES('11855','571','even',2004,'A');
INSERT INTO enrollment VALUES('11855','581','even',2005,'A');
INSERT INTO enrollment VALUES('11855','599','even',2003,'E');
INSERT INTO enrollment VALUES('11855','696','even',2002,'D');
INSERT INTO enrollment VALUES('11966','169','odd',2002,'D');
INSERT INTO enrollment VALUES('11966','401','odd',2003,'B');
INSERT INTO enrollment VALUES('11966','445','even',2001,'U');
INSERT INTO enrollment VALUES('11966','545','odd',2001,'B');
INSERT INTO enrollment VALUES('11966','581','even',2005,'B');
INSERT INTO enrollment VALUES('11966','599','even',2003,'E');
INSERT INTO enrollment VALUES('11966','663','even',2005,'B');
INSERT INTO enrollment VALUES('11966','694','odd',2002,'D');
INSERT INTO enrollment VALUES('12069','105','odd',2002,'B');
INSERT INTO enrollment VALUES('12069','401','odd',2003,'S');
INSERT INTO enrollment VALUES('12069','443','even',2002,'D');
INSERT INTO enrollment VALUES('12069','468','odd',2005,'U');
INSERT INTO enrollment VALUES('12069','496','odd',2001,'A');
INSERT INTO enrollment VALUES('12069','599','even',2003,'B');
INSERT INTO enrollment VALUES('12069','642','odd',2004,'D');
INSERT INTO enrollment VALUES('12069','663','even',2005,'A');
INSERT INTO enrollment VALUES('12069','694','odd',2002,'A');
INSERT INTO enrollment VALUES('12069','702','even',2001,'D');
INSERT INTO enrollment VALUES('12069','748','odd',2003,'A');
INSERT INTO enrollment VALUES('12069','795','even',2004,'S');
INSERT INTO enrollment VALUES('12078','200','odd',2002,'B');
INSERT INTO enrollment VALUES('12078','319','even',2003,'U');
INSERT INTO enrollment VALUES('12078','445','even',2001,'S');
INSERT INTO enrollment VALUES('12078','482','odd',2005,'B');
INSERT INTO enrollment VALUES('12078','559','odd',2002,'A');
INSERT INTO enrollment VALUES('12078','581','even',2005,'C');
INSERT INTO enrollment VALUES('12078','603','odd',2003,'U');
INSERT INTO enrollment VALUES('12078','642','odd',2004,'D');
INSERT INTO enrollment VALUES('12078','663','even',2005,'A');
INSERT INTO enrollment VALUES('12078','795','even',2004,'B');
INSERT INTO enrollment VALUES('12078','808','odd',2003,'B');
INSERT INTO enrollment VALUES('12078','974','odd',2003,'C');
INSERT INTO enrollment VALUES('12173','137','even',2002,'D');
INSERT INTO enrollment VALUES('12173','192','odd',2002,'S');
INSERT INTO enrollment VALUES('12173','629','even',2003,'S');
INSERT INTO enrollment VALUES('12173','808','odd',2003,'A');
INSERT INTO enrollment VALUES('1220','319','even',2003,'C');
INSERT INTO enrollment VALUES('1220','559','odd',2002,'E');
INSERT INTO enrollment VALUES('12214','362','odd',2005,'B');
INSERT INTO enrollment VALUES('12214','461','odd',2002,'A');
INSERT INTO enrollment VALUES('12214','496','odd',2001,'E');
INSERT INTO enrollment VALUES('12214','527','odd',2004,'D');
INSERT INTO enrollment VALUES('12214','559','odd',2002,'D');
INSERT INTO enrollment VALUES('12214','696','even',2002,'D');
INSERT INTO enrollment VALUES('12214','735','even',2003,'B');
INSERT INTO enrollment VALUES('12216','200','odd',2002,'B');
INSERT INTO enrollment VALUES('12216','401','odd',2003,'U');
INSERT INTO enrollment VALUES('12216','421','odd',2004,'C');
INSERT INTO enrollment VALUES('12216','482','odd',2005,'S');
INSERT INTO enrollment VALUES('12216','629','even',2003,'D');
INSERT INTO enrollment VALUES('12216','694','odd',2002,'A');
INSERT INTO enrollment VALUES('12216','760','even',2004,'A');
INSERT INTO enrollment VALUES('12216','793','even',2002,'S');
INSERT INTO enrollment VALUES('12216','802','even',2003,'E');
INSERT INTO enrollment VALUES('12216','927','odd',2002,'U');
INSERT INTO enrollment VALUES('12236','137','even',2002,'A');
INSERT INTO enrollment VALUES('12236','169','odd',2002,'C');
INSERT INTO enrollment VALUES('12236','527','odd',2004,'B');
INSERT INTO enrollment VALUES('12236','591','even',2005,'C');
INSERT INTO enrollment VALUES('12236','927','odd',2002,'A');
INSERT INTO enrollment VALUES('123','137','even',2002,'B');
INSERT INTO enrollment VALUES('123','169','odd',2002,'C');
INSERT INTO enrollment VALUES('123','192','odd',2002,'S');
INSERT INTO enrollment VALUES('123','319','even',2003,'S');
INSERT INTO enrollment VALUES('123','443','even',2002,'A');
INSERT INTO enrollment VALUES('123','496','odd',2001,'U');
INSERT INTO enrollment VALUES('123','603','odd',2003,'A');
INSERT INTO enrollment VALUES('123','802','even',2003,'U');
INSERT INTO enrollment VALUES('123','875','even',2005,'B');
INSERT INTO enrollment VALUES('1232','400','odd',2003,'E');
INSERT INTO enrollment VALUES('1232','408','even',2003,'C');
INSERT INTO enrollment VALUES('1232','445','even',2001,'U');
INSERT INTO enrollment VALUES('1232','482','odd',2005,'S');
INSERT INTO enrollment VALUES('1232','496','odd',2001,'C');
INSERT INTO enrollment VALUES('1232','571','even',2004,'A');
INSERT INTO enrollment VALUES('1232','760','even',2004,'U');
INSERT INTO enrollment VALUES('1232','802','even',2003,'C');
INSERT INTO enrollment VALUES('1232','974','odd',2003,'D');
INSERT INTO enrollment VALUES('12326','137','even',2002,'U');
INSERT INTO enrollment VALUES('12326','200','odd',2002,'U');
INSERT INTO enrollment VALUES('12326','408','even',2003,'B');
INSERT INTO enrollment VALUES('12326','445','even',2001,'D');
INSERT INTO enrollment VALUES('12326','735','even',2003,'B');
INSERT INTO enrollment VALUES('12326','974','odd',2003,'A');
INSERT INTO enrollment VALUES('12362','319','even',2003,'A');
INSERT INTO enrollment VALUES('12362','468','odd',2005,'E');
INSERT INTO enrollment VALUES('12362','559','odd',2002,'C');
INSERT INTO enrollment VALUES('12362','571','even',2004,'B');
INSERT INTO enrollment VALUES('12362','591','even',2005,'E');
INSERT INTO enrollment VALUES('12362','735','even',2003,'U');
INSERT INTO enrollment VALUES('12362','760','even',2004,'B');
INSERT INTO enrollment VALUES('12362','795','even',2004,'C');
INSERT INTO enrollment VALUES('12362','802','even',2003,'A');
INSERT INTO enrollment VALUES('12563','137','even',2002,'S');
INSERT INTO enrollment VALUES('12563','274','odd',2002,'C');
INSERT INTO enrollment VALUES('12563','366','odd',2005,'E');
INSERT INTO enrollment VALUES('12563','408','even',2003,'B');
INSERT INTO enrollment VALUES('12563','461','odd',2002,'S');
INSERT INTO enrollment VALUES('12563','468','odd',2005,'A');
INSERT INTO enrollment VALUES('12563','482','odd',2005,'B');
INSERT INTO enrollment VALUES('12563','545','odd',2001,'A');
INSERT INTO enrollment VALUES('12563','581','even',2005,'C');
INSERT INTO enrollment VALUES('12563','629','even',2003,'C');
INSERT INTO enrollment VALUES('12563','802','even',2003,'E');
INSERT INTO enrollment VALUES('12615','362','odd',2005,'D');
INSERT INTO enrollment VALUES('12615','443','even',2002,'B');
INSERT INTO enrollment VALUES('12615','591','even',2005,'E');
INSERT INTO enrollment VALUES('12615','599','even',2003,'A');
INSERT INTO enrollment VALUES('12615','629','even',2003,'S');
INSERT INTO enrollment VALUES('12615','694','odd',2002,'B');
INSERT INTO enrollment VALUES('12666','400','odd',2003,'A');
INSERT INTO enrollment VALUES('12666','527','odd',2004,'S');
INSERT INTO enrollment VALUES('12666','545','odd',2001,'A');
INSERT INTO enrollment VALUES('12666','974','odd',2003,'A');
INSERT INTO enrollment VALUES('12683','274','odd',2002,'C');
INSERT INTO enrollment VALUES('12683','319','even',2003,'C');
INSERT INTO enrollment VALUES('12683','362','odd',2005,'D');
INSERT INTO enrollment VALUES('12683','400','odd',2003,'A');
INSERT INTO enrollment VALUES('12683','421','odd',2004,'A');
INSERT INTO enrollment VALUES('12683','445','even',2001,'D');
INSERT INTO enrollment VALUES('12683','496','odd',2001,'B');
INSERT INTO enrollment VALUES('12683','748','odd',2003,'D');
INSERT INTO enrollment VALUES('12711','642','odd',2004,'S');
INSERT INTO enrollment VALUES('12711','696','even',2002,'B');
INSERT INTO enrollment VALUES('12711','735','even',2003,'A');
INSERT INTO enrollment VALUES('12711','795','even',2004,'A');
INSERT INTO enrollment VALUES('1285','319','even',2003,'A');
INSERT INTO enrollment VALUES('1285','401','odd',2003,'B');
INSERT INTO enrollment VALUES('1285','496','odd',2001,'A');
INSERT INTO enrollment VALUES('1285','599','even',2003,'A');
INSERT INTO enrollment VALUES('1285','642','odd',2004,'U');
INSERT INTO enrollment VALUES('1285','748','odd',2003,'C');
INSERT INTO enrollment VALUES('12941','169','odd',2002,'U');
INSERT INTO enrollment VALUES('12941','200','odd',2002,'B');
INSERT INTO enrollment VALUES('12941','421','odd',2004,'A');
INSERT INTO enrollment VALUES('12941','482','odd',2005,'U');
INSERT INTO enrollment VALUES('12941','496','odd',2001,'D');
INSERT INTO enrollment VALUES('12941','527','odd',2004,'A');
INSERT INTO enrollment VALUES('12941','591','even',2005,'A');
INSERT INTO enrollment VALUES('12941','603','odd',2003,'U');
INSERT INTO enrollment VALUES('12941','696','even',2002,'S');
INSERT INTO enrollment VALUES('12941','735','even',2003,'A');
INSERT INTO enrollment VALUES('12941','795','even',2004,'A');
INSERT INTO enrollment VALUES('12941','974','odd',2003,'C');
INSERT INTO enrollment VALUES('12971','137','even',2002,'D');
INSERT INTO enrollment VALUES('12971','192','odd',2002,'D');
INSERT INTO enrollment VALUES('12971','200','odd',2002,'B');
INSERT INTO enrollment VALUES('12971','443','even',2002,'S');
INSERT INTO enrollment VALUES('12971','457','even',2001,'A');
INSERT INTO enrollment VALUES('12971','468','odd',2005,'E');
INSERT INTO enrollment VALUES('12971','629','even',2003,'C');
INSERT INTO enrollment VALUES('12971','663','even',2005,'S');
INSERT INTO enrollment VALUES('12971','696','even',2002,'D');
INSERT INTO enrollment VALUES('12971','875','even',2005,'S');
INSERT INTO enrollment VALUES('12979','192','odd',2002,'C');
INSERT INTO enrollment VALUES('12979','362','odd',2005,'A');
INSERT INTO enrollment VALUES('12979','421','odd',2004,'E');
INSERT INTO enrollment VALUES('12979','793','even',2002,'C');
INSERT INTO enrollment VALUES('12979','927','odd',2002,'U');
INSERT INTO enrollment VALUES('13023','468','odd',2005,'E');
INSERT INTO enrollment VALUES('13023','694','odd',2002,'B');
INSERT INTO enrollment VALUES('13023','793','even',2002,'C');
INSERT INTO enrollment VALUES('13023','802','even',2003,'E');
INSERT INTO enrollment VALUES('13023','808','odd',2003,'D');
INSERT INTO enrollment VALUES('13023','974','odd',2003,'B');
INSERT INTO enrollment VALUES('13028','169','odd',2002,'E');
INSERT INTO enrollment VALUES('13028','366','odd',2005,'S');
INSERT INTO enrollment VALUES('13028','400','odd',2003,'B');
INSERT INTO enrollment VALUES('13028','468','odd',2005,'A');
INSERT INTO enrollment VALUES('13028','527','odd',2004,'B');
INSERT INTO enrollment VALUES('13028','581','even',2005,'B');
INSERT INTO enrollment VALUES('13028','599','even',2003,'C');
INSERT INTO enrollment VALUES('13028','629','even',2003,'B');
INSERT INTO enrollment VALUES('13028','696','even',2002,'D');
INSERT INTO enrollment VALUES('13081','200','odd',2002,'B');
INSERT INTO enrollment VALUES('13081','274','odd',2002,'D');
INSERT INTO enrollment VALUES('13081','362','odd',2005,'A');
INSERT INTO enrollment VALUES('13081','400','odd',2003,'U');
INSERT INTO enrollment VALUES('13081','443','even',2002,'B');
INSERT INTO enrollment VALUES('13081','527','odd',2004,'C');
INSERT INTO enrollment VALUES('13081','642','odd',2004,'B');
INSERT INTO enrollment VALUES('13081','694','odd',2002,'B');
INSERT INTO enrollment VALUES('13081','795','even',2004,'A');
INSERT INTO enrollment VALUES('13211','319','even',2003,'S');
INSERT INTO enrollment VALUES('13211','408','even',2003,'C');
INSERT INTO enrollment VALUES('13211','445','even',2001,'E');
INSERT INTO enrollment VALUES('13211','571','even',2004,'E');
INSERT INTO enrollment VALUES('13211','581','even',2005,'B');
INSERT INTO enrollment VALUES('13211','694','odd',2002,'E');
INSERT INTO enrollment VALUES('13211','735','even',2003,'A');
INSERT INTO enrollment VALUES('13211','793','even',2002,'E');
INSERT INTO enrollment VALUES('13217','362','odd',2005,'B');
INSERT INTO enrollment VALUES('13217','527','odd',2004,'B');
INSERT INTO enrollment VALUES('13290','105','odd',2002,'A');
INSERT INTO enrollment VALUES('13290','192','odd',2002,'B');
INSERT INTO enrollment VALUES('13290','319','even',2003,'C');
INSERT INTO enrollment VALUES('13290','401','odd',2003,'E');
INSERT INTO enrollment VALUES('13290','571','even',2004,'E');
INSERT INTO enrollment VALUES('13290','793','even',2002,'B');
INSERT INTO enrollment VALUES('13290','802','even',2003,'U');
INSERT INTO enrollment VALUES('13290','808','odd',2003,'C');
INSERT INTO enrollment VALUES('13290','875','even',2005,'A');
INSERT INTO enrollment VALUES('13352','192','odd',2002,'U');
INSERT INTO enrollment VALUES('13352','694','odd',2002,'S');
INSERT INTO enrollment VALUES('13352','696','even',2002,'A');
INSERT INTO enrollment VALUES('13365','137','even',2002,'B');
INSERT INTO enrollment VALUES('13365','274','odd',2002,'A');
INSERT INTO enrollment VALUES('13365','457','even',2001,'D');
INSERT INTO enrollment VALUES('13365','599','even',2003,'C');
INSERT INTO enrollment VALUES('13365','603','odd',2003,'U');
INSERT INTO enrollment VALUES('13365','663','even',2005,'B');
INSERT INTO enrollment VALUES('13365','696','even',2002,'B');
INSERT INTO enrollment VALUES('13403','192','odd',2002,'U');
INSERT INTO enrollment VALUES('13403','319','even',2003,'B');
INSERT INTO enrollment VALUES('13403','366','odd',2005,'B');
INSERT INTO enrollment VALUES('13403','400','odd',2003,'U');
INSERT INTO enrollment VALUES('13403','443','even',2002,'C');
INSERT INTO enrollment VALUES('13403','696','even',2002,'D');
INSERT INTO enrollment VALUES('13403','748','odd',2003,'S');
INSERT INTO enrollment VALUES('13403','795','even',2004,'U');
INSERT INTO enrollment VALUES('13408','169','odd',2002,'S');
INSERT INTO enrollment VALUES('13408','319','even',2003,'U');
INSERT INTO enrollment VALUES('13408','443','even',2002,'B');
INSERT INTO enrollment VALUES('13408','545','odd',2001,'U');
INSERT INTO enrollment VALUES('13408','599','even',2003,'E');
INSERT INTO enrollment VALUES('13408','735','even',2003,'C');
INSERT INTO enrollment VALUES('13408','927','odd',2002,'E');
INSERT INTO enrollment VALUES('13495','200','odd',2002,'C');
INSERT INTO enrollment VALUES('13495','496','odd',2001,'U');
INSERT INTO enrollment VALUES('13495','571','even',2004,'A');
INSERT INTO enrollment VALUES('13495','702','even',2001,'U');
INSERT INTO enrollment VALUES('13495','875','even',2005,'U');
INSERT INTO enrollment VALUES('13504','137','even',2002,'E');
INSERT INTO enrollment VALUES('13504','468','odd',2005,'A');
INSERT INTO enrollment VALUES('13506','559','odd',2002,'D');
INSERT INTO enrollment VALUES('13506','793','even',2002,'E');
INSERT INTO enrollment VALUES('13511','200','odd',2002,'B');
INSERT INTO enrollment VALUES('13511','408','even',2003,'D');
INSERT INTO enrollment VALUES('13511','421','odd',2004,'C');
INSERT INTO enrollment VALUES('13511','468','odd',2005,'B');
INSERT INTO enrollment VALUES('13511','545','odd',2001,'B');
INSERT INTO enrollment VALUES('13511','603','odd',2003,'E');
INSERT INTO enrollment VALUES('13511','748','odd',2003,'B');
INSERT INTO enrollment VALUES('1367','169','odd',2002,'S');
INSERT INTO enrollment VALUES('1367','362','odd',2005,'S');
INSERT INTO enrollment VALUES('1367','401','odd',2003,'A');
INSERT INTO enrollment VALUES('1367','482','odd',2005,'C');
INSERT INTO enrollment VALUES('1367','545','odd',2001,'B');
INSERT INTO enrollment VALUES('1367','559','odd',2002,'A');
INSERT INTO enrollment VALUES('1367','591','even',2005,'S');
INSERT INTO enrollment VALUES('1367','599','even',2003,'A');
INSERT INTO enrollment VALUES('1367','875','even',2005,'U');
INSERT INTO enrollment VALUES('13741','421','odd',2004,'S');
INSERT INTO enrollment VALUES('13741','445','even',2001,'E');
INSERT INTO enrollment VALUES('13741','591','even',2005,'B');
INSERT INTO enrollment VALUES('13741','694','odd',2002,'E');
INSERT INTO enrollment VALUES('13741','696','even',2002,'B');
INSERT INTO enrollment VALUES('13741','702','even',2001,'A');
INSERT INTO enrollment VALUES('13741','793','even',2002,'E');
INSERT INTO enrollment VALUES('13741','795','even',2004,'E');
INSERT INTO enrollment VALUES('13749','457','even',2001,'B');
INSERT INTO enrollment VALUES('13749','702','even',2001,'B');
INSERT INTO enrollment VALUES('13753','408','even',2003,'B');
INSERT INTO enrollment VALUES('13753','581','even',2005,'C');
INSERT INTO enrollment VALUES('13753','629','even',2003,'S');
INSERT INTO enrollment VALUES('13757','137','even',2002,'D');
INSERT INTO enrollment VALUES('13757','362','odd',2005,'S');
INSERT INTO enrollment VALUES('13757','482','odd',2005,'B');
INSERT INTO enrollment VALUES('13757','545','odd',2001,'A');
INSERT INTO enrollment VALUES('13757','581','even',2005,'U');
INSERT INTO enrollment VALUES('13757','603','odd',2003,'D');
INSERT INTO enrollment VALUES('13757','747','even',2004,'B');
INSERT INTO enrollment VALUES('13826','169','odd',2002,'E');
INSERT INTO enrollment VALUES('13826','274','odd',2002,'E');
INSERT INTO enrollment VALUES('13826','663','even',2005,'A');
INSERT INTO enrollment VALUES('13826','760','even',2004,'A');
INSERT INTO enrollment VALUES('13880','445','even',2001,'U');
INSERT INTO enrollment VALUES('13880','571','even',2004,'S');
INSERT INTO enrollment VALUES('13880','603','odd',2003,'A');
INSERT INTO enrollment VALUES('13880','748','odd',2003,'B');
INSERT INTO enrollment VALUES('13880','808','odd',2003,'B');
INSERT INTO enrollment VALUES('13921','105','odd',2002,'D');
INSERT INTO enrollment VALUES('13921','274','odd',2002,'A');
INSERT INTO enrollment VALUES('13921','421','odd',2004,'A');
INSERT INTO enrollment VALUES('13921','457','even',2001,'A');
INSERT INTO enrollment VALUES('13921','642','odd',2004,'E');
INSERT INTO enrollment VALUES('13921','663','even',2005,'E');
INSERT INTO enrollment VALUES('13921','793','even',2002,'C');
INSERT INTO enrollment VALUES('13921','808','odd',2003,'E');
INSERT INTO enrollment VALUES('13921','875','even',2005,'D');
INSERT INTO enrollment VALUES('13921','927','odd',2002,'A');
INSERT INTO enrollment VALUES('1402','137','even',2002,'D');
INSERT INTO enrollment VALUES('1402','200','odd',2002,'E');
INSERT INTO enrollment VALUES('1402','274','odd',2002,'C');
INSERT INTO enrollment VALUES('1402','319','even',2003,'U');
INSERT INTO enrollment VALUES('1402','366','odd',2005,'C');
INSERT INTO enrollment VALUES('1402','445','even',2001,'B');
INSERT INTO enrollment VALUES('1402','599','even',2003,'C');
INSERT INTO enrollment VALUES('1402','747','even',2004,'S');
INSERT INTO enrollment VALUES('14023','105','odd',2002,'B');
INSERT INTO enrollment VALUES('14023','319','even',2003,'B');
INSERT INTO enrollment VALUES('14023','461','odd',2002,'B');
INSERT INTO enrollment VALUES('14023','591','even',2005,'A');
INSERT INTO enrollment VALUES('14023','629','even',2003,'E');
INSERT INTO enrollment VALUES('14032','169','odd',2002,'D');
INSERT INTO enrollment VALUES('14032','200','odd',2002,'D');
INSERT INTO enrollment VALUES('14032','362','odd',2005,'S');
INSERT INTO enrollment VALUES('14032','443','even',2002,'C');
INSERT INTO enrollment VALUES('14032','599','even',2003,'A');
INSERT INTO enrollment VALUES('14032','694','odd',2002,'B');
INSERT INTO enrollment VALUES('14032','735','even',2003,'U');
INSERT INTO enrollment VALUES('14032','760','even',2004,'C');
INSERT INTO enrollment VALUES('14032','808','odd',2003,'A');
INSERT INTO enrollment VALUES('14032','875','even',2005,'B');
INSERT INTO enrollment VALUES('14065','362','odd',2005,'S');
INSERT INTO enrollment VALUES('14065','400','odd',2003,'A');
INSERT INTO enrollment VALUES('14065','421','odd',2004,'E');
INSERT INTO enrollment VALUES('14065','599','even',2003,'C');
INSERT INTO enrollment VALUES('14065','747','even',2004,'C');
INSERT INTO enrollment VALUES('14065','748','odd',2003,'E');
INSERT INTO enrollment VALUES('14065','875','even',2005,'A');
INSERT INTO enrollment VALUES('14094','274','odd',2002,'A');
INSERT INTO enrollment VALUES('14094','421','odd',2004,'A');
INSERT INTO enrollment VALUES('14094','748','odd',2003,'B');
INSERT INTO enrollment VALUES('14094','927','odd',2002,'B');
INSERT INTO enrollment VALUES('14182','192','odd',2002,'B');
INSERT INTO enrollment VALUES('14182','362','odd',2005,'S');
INSERT INTO enrollment VALUES('14182','400','odd',2003,'U');
INSERT INTO enrollment VALUES('14182','401','odd',2003,'U');
INSERT INTO enrollment VALUES('14182','408','even',2003,'C');
INSERT INTO enrollment VALUES('14182','461','odd',2002,'B');
INSERT INTO enrollment VALUES('14182','694','odd',2002,'S');
INSERT INTO enrollment VALUES('14182','927','odd',2002,'C');
INSERT INTO enrollment VALUES('14214','408','even',2003,'B');
INSERT INTO enrollment VALUES('14214','748','odd',2003,'S');
INSERT INTO enrollment VALUES('14214','760','even',2004,'B');
INSERT INTO enrollment VALUES('14214','927','odd',2002,'C');
INSERT INTO enrollment VALUES('14214','974','odd',2003,'B');
INSERT INTO enrollment VALUES('14284','105','odd',2002,'B');
INSERT INTO enrollment VALUES('14284','366','odd',2005,'B');
INSERT INTO enrollment VALUES('14284','571','even',2004,'S');
INSERT INTO enrollment VALUES('14284','696','even',2002,'B');
INSERT INTO enrollment VALUES('14284','702','even',2001,'D');
INSERT INTO enrollment VALUES('14284','747','even',2004,'A');
INSERT INTO enrollment VALUES('14284','748','odd',2003,'S');
INSERT INTO enrollment VALUES('14432','169','odd',2002,'C');
INSERT INTO enrollment VALUES('14432','200','odd',2002,'S');
INSERT INTO enrollment VALUES('14432','274','odd',2002,'E');
INSERT INTO enrollment VALUES('14432','400','odd',2003,'U');
INSERT INTO enrollment VALUES('14432','482','odd',2005,'C');
INSERT INTO enrollment VALUES('14432','545','odd',2001,'B');
INSERT INTO enrollment VALUES('14432','663','even',2005,'D');
INSERT INTO enrollment VALUES('14432','702','even',2001,'A');
INSERT INTO enrollment VALUES('14432','735','even',2003,'B');
INSERT INTO enrollment VALUES('14432','748','odd',2003,'S');
INSERT INTO enrollment VALUES('14432','808','odd',2003,'A');
INSERT INTO enrollment VALUES('14484','105','odd',2002,'C');
INSERT INTO enrollment VALUES('14484','408','even',2003,'B');
INSERT INTO enrollment VALUES('14484','496','odd',2001,'A');
INSERT INTO enrollment VALUES('14484','642','odd',2004,'B');
INSERT INTO enrollment VALUES('14484','694','odd',2002,'E');
INSERT INTO enrollment VALUES('14484','735','even',2003,'B');
INSERT INTO enrollment VALUES('14499','319','even',2003,'E');
INSERT INTO enrollment VALUES('14499','366','odd',2005,'B');
INSERT INTO enrollment VALUES('14499','421','odd',2004,'E');
INSERT INTO enrollment VALUES('14499','974','odd',2003,'D');
INSERT INTO enrollment VALUES('14554','274','odd',2002,'E');
INSERT INTO enrollment VALUES('14554','559','odd',2002,'D');
INSERT INTO enrollment VALUES('14554','571','even',2004,'E');
INSERT INTO enrollment VALUES('14554','603','odd',2003,'E');
INSERT INTO enrollment VALUES('14554','629','even',2003,'U');
INSERT INTO enrollment VALUES('14554','748','odd',2003,'U');
INSERT INTO enrollment VALUES('14563','408','even',2003,'B');
INSERT INTO enrollment VALUES('14563','545','odd',2001,'D');
INSERT INTO enrollment VALUES('14563','559','odd',2002,'C');
INSERT INTO enrollment VALUES('14563','581','even',2005,'D');
INSERT INTO enrollment VALUES('14563','603','odd',2003,'A');
INSERT INTO enrollment VALUES('14563','808','odd',2003,'B');
INSERT INTO enrollment VALUES('14581','319','even',2003,'B');
INSERT INTO enrollment VALUES('14581','591','even',2005,'C');
INSERT INTO enrollment VALUES('14581','629','even',2003,'D');
INSERT INTO enrollment VALUES('14581','702','even',2001,'C');
INSERT INTO enrollment VALUES('14581','760','even',2004,'S');
INSERT INTO enrollment VALUES('14581','808','odd',2003,'B');
INSERT INTO enrollment VALUES('14596','457','even',2001,'B');
INSERT INTO enrollment VALUES('14596','468','odd',2005,'A');
INSERT INTO enrollment VALUES('14596','559','odd',2002,'E');
INSERT INTO enrollment VALUES('14596','629','even',2003,'A');
INSERT INTO enrollment VALUES('1460','401','odd',2003,'A');
INSERT INTO enrollment VALUES('1460','482','odd',2005,'E');
INSERT INTO enrollment VALUES('1460','581','even',2005,'A');
INSERT INTO enrollment VALUES('1460','802','even',2003,'C');
INSERT INTO enrollment VALUES('14621','137','even',2002,'A');
INSERT INTO enrollment VALUES('14621','366','odd',2005,'A');
INSERT INTO enrollment VALUES('14621','571','even',2004,'D');
INSERT INTO enrollment VALUES('14621','581','even',2005,'A');
INSERT INTO enrollment VALUES('14628','366','odd',2005,'A');
INSERT INTO enrollment VALUES('14628','445','even',2001,'U');
INSERT INTO enrollment VALUES('14628','468','odd',2005,'C');
INSERT INTO enrollment VALUES('14628','545','odd',2001,'U');
INSERT INTO enrollment VALUES('14628','571','even',2004,'U');
INSERT INTO enrollment VALUES('14628','603','odd',2003,'C');
INSERT INTO enrollment VALUES('14628','747','even',2004,'D');
INSERT INTO enrollment VALUES('14628','808','odd',2003,'B');
INSERT INTO enrollment VALUES('14639','482','odd',2005,'U');
INSERT INTO enrollment VALUES('14639','642','odd',2004,'S');
INSERT INTO enrollment VALUES('14639','735','even',2003,'U');
INSERT INTO enrollment VALUES('14639','793','even',2002,'E');
INSERT INTO enrollment VALUES('14639','802','even',2003,'B');
INSERT INTO enrollment VALUES('14668','137','even',2002,'C');
INSERT INTO enrollment VALUES('14668','400','odd',2003,'D');
INSERT INTO enrollment VALUES('14668','408','even',2003,'U');
INSERT INTO enrollment VALUES('14668','482','odd',2005,'U');
INSERT INTO enrollment VALUES('14668','629','even',2003,'C');
INSERT INTO enrollment VALUES('14668','663','even',2005,'A');
INSERT INTO enrollment VALUES('14668','748','odd',2003,'A');
INSERT INTO enrollment VALUES('14668','795','even',2004,'E');
INSERT INTO enrollment VALUES('14668','875','even',2005,'D');
INSERT INTO enrollment VALUES('14668','974','odd',2003,'B');
INSERT INTO enrollment VALUES('14829','362','odd',2005,'S');
INSERT INTO enrollment VALUES('14829','443','even',2002,'C');
INSERT INTO enrollment VALUES('14829','445','even',2001,'B');
INSERT INTO enrollment VALUES('14829','545','odd',2001,'A');
INSERT INTO enrollment VALUES('14829','603','odd',2003,'B');
INSERT INTO enrollment VALUES('14829','663','even',2005,'B');
INSERT INTO enrollment VALUES('14829','694','odd',2002,'B');
INSERT INTO enrollment VALUES('14829','802','even',2003,'C');
INSERT INTO enrollment VALUES('14869','200','odd',2002,'B');
INSERT INTO enrollment VALUES('14869','421','odd',2004,'B');
INSERT INTO enrollment VALUES('14869','443','even',2002,'B');
INSERT INTO enrollment VALUES('14869','461','odd',2002,'E');
INSERT INTO enrollment VALUES('14869','482','odd',2005,'U');
INSERT INTO enrollment VALUES('14869','545','odd',2001,'B');
INSERT INTO enrollment VALUES('14869','591','even',2005,'E');
INSERT INTO enrollment VALUES('14869','735','even',2003,'B');
INSERT INTO enrollment VALUES('14869','760','even',2004,'A');
INSERT INTO enrollment VALUES('14874','274','odd',2002,'A');
INSERT INTO enrollment VALUES('14874','362','odd',2005,'U');
INSERT INTO enrollment VALUES('14874','445','even',2001,'E');
INSERT INTO enrollment VALUES('14874','457','even',2001,'S');
INSERT INTO enrollment VALUES('14874','468','odd',2005,'S');
INSERT INTO enrollment VALUES('14874','496','odd',2001,'B');
INSERT INTO enrollment VALUES('14874','545','odd',2001,'S');
INSERT INTO enrollment VALUES('14874','642','odd',2004,'B');
INSERT INTO enrollment VALUES('14874','663','even',2005,'S');
INSERT INTO enrollment VALUES('14874','694','odd',2002,'E');
INSERT INTO enrollment VALUES('15024','696','even',2002,'A');
INSERT INTO enrollment VALUES('15024','974','odd',2003,'A');
INSERT INTO enrollment VALUES('15030','169','odd',2002,'S');
INSERT INTO enrollment VALUES('15030','362','odd',2005,'B');
INSERT INTO enrollment VALUES('15030','400','odd',2003,'A');
INSERT INTO enrollment VALUES('15030','443','even',2002,'A');
INSERT INTO enrollment VALUES('15030','571','even',2004,'S');
INSERT INTO enrollment VALUES('15030','591','even',2005,'D');
INSERT INTO enrollment VALUES('15030','629','even',2003,'B');
INSERT INTO enrollment VALUES('15030','663','even',2005,'E');
INSERT INTO enrollment VALUES('15030','702','even',2001,'D');
INSERT INTO enrollment VALUES('15030','747','even',2004,'B');
INSERT INTO enrollment VALUES('15070','200','odd',2002,'B');
INSERT INTO enrollment VALUES('15070','362','odd',2005,'B');
INSERT INTO enrollment VALUES('15070','445','even',2001,'C');
INSERT INTO enrollment VALUES('15070','559','odd',2002,'A');
INSERT INTO enrollment VALUES('15070','599','even',2003,'A');
INSERT INTO enrollment VALUES('15070','748','odd',2003,'C');
INSERT INTO enrollment VALUES('15074','192','odd',2002,'S');
INSERT INTO enrollment VALUES('15074','694','odd',2002,'A');
INSERT INTO enrollment VALUES('15083','105','odd',2002,'E');
INSERT INTO enrollment VALUES('15083','137','even',2002,'D');
INSERT INTO enrollment VALUES('15083','527','odd',2004,'E');
INSERT INTO enrollment VALUES('15083','545','odd',2001,'C');
INSERT INTO enrollment VALUES('15083','581','even',2005,'E');
INSERT INTO enrollment VALUES('15083','696','even',2002,'E');
INSERT INTO enrollment VALUES('15083','927','odd',2002,'C');
INSERT INTO enrollment VALUES('15086','366','odd',2005,'C');
INSERT INTO enrollment VALUES('15086','401','odd',2003,'A');
INSERT INTO enrollment VALUES('15086','443','even',2002,'U');
INSERT INTO enrollment VALUES('15086','461','odd',2002,'S');
INSERT INTO enrollment VALUES('15086','468','odd',2005,'A');
INSERT INTO enrollment VALUES('15086','663','even',2005,'B');
INSERT INTO enrollment VALUES('15086','927','odd',2002,'U');
INSERT INTO enrollment VALUES('15086','974','odd',2003,'U');
INSERT INTO enrollment VALUES('15144','445','even',2001,'C');
INSERT INTO enrollment VALUES('15144','527','odd',2004,'B');
INSERT INTO enrollment VALUES('15144','581','even',2005,'E');
INSERT INTO enrollment VALUES('15144','603','odd',2003,'C');
INSERT INTO enrollment VALUES('15144','642','odd',2004,'B');
INSERT INTO enrollment VALUES('15144','795','even',2004,'A');
INSERT INTO enrollment VALUES('15144','974','odd',2003,'D');
INSERT INTO enrollment VALUES('15249','169','odd',2002,'A');
INSERT INTO enrollment VALUES('15249','192','odd',2002,'S');
INSERT INTO enrollment VALUES('15249','319','even',2003,'A');
INSERT INTO enrollment VALUES('15249','362','odd',2005,'E');
INSERT INTO enrollment VALUES('15249','696','even',2002,'E');
INSERT INTO enrollment VALUES('15283','105','odd',2002,'B');
INSERT INTO enrollment VALUES('15283','137','even',2002,'C');
INSERT INTO enrollment VALUES('15283','408','even',2003,'B');
INSERT INTO enrollment VALUES('15283','445','even',2001,'S');
INSERT INTO enrollment VALUES('15283','559','odd',2002,'A');
INSERT INTO enrollment VALUES('15283','629','even',2003,'C');
INSERT INTO enrollment VALUES('15283','702','even',2001,'A');
INSERT INTO enrollment VALUES('15283','793','even',2002,'A');
INSERT INTO enrollment VALUES('15283','927','odd',2002,'C');
INSERT INTO enrollment VALUES('15328','192','odd',2002,'A');
INSERT INTO enrollment VALUES('15328','400','odd',2003,'B');
INSERT INTO enrollment VALUES('15328','735','even',2003,'B');
INSERT INTO enrollment VALUES('15328','793','even',2002,'A');
INSERT INTO enrollment VALUES('15328','927','odd',2002,'A');
INSERT INTO enrollment VALUES('15328','974','odd',2003,'E');
INSERT INTO enrollment VALUES('1533','400','odd',2003,'C');
INSERT INTO enrollment VALUES('1533','421','odd',2004,'S');
INSERT INTO enrollment VALUES('1533','443','even',2002,'B');
INSERT INTO enrollment VALUES('1533','468','odd',2005,'D');
INSERT INTO enrollment VALUES('1533','663','even',2005,'B');
INSERT INTO enrollment VALUES('1533','696','even',2002,'D');
INSERT INTO enrollment VALUES('15340','445','even',2001,'B');
INSERT INTO enrollment VALUES('15340','468','odd',2005,'D');
INSERT INTO enrollment VALUES('15340','808','odd',2003,'S');
INSERT INTO enrollment VALUES('15430','200','odd',2002,'C');
INSERT INTO enrollment VALUES('15430','443','even',2002,'A');
INSERT INTO enrollment VALUES('15430','445','even',2001,'U');
INSERT INTO enrollment VALUES('15430','747','even',2004,'D');
INSERT INTO enrollment VALUES('15430','748','odd',2003,'A');
INSERT INTO enrollment VALUES('15430','808','odd',2003,'S');
INSERT INTO enrollment VALUES('15457','274','odd',2002,'A');
INSERT INTO enrollment VALUES('15457','443','even',2002,'E');
INSERT INTO enrollment VALUES('15457','468','odd',2005,'A');
INSERT INTO enrollment VALUES('15457','559','odd',2002,'S');
INSERT INTO enrollment VALUES('15457','591','even',2005,'S');
INSERT INTO enrollment VALUES('15457','747','even',2004,'S');
INSERT INTO enrollment VALUES('15457','793','even',2002,'B');
INSERT INTO enrollment VALUES('15457','808','odd',2003,'C');
INSERT INTO enrollment VALUES('15457','927','odd',2002,'A');
INSERT INTO enrollment VALUES('15487','192','odd',2002,'S');
INSERT INTO enrollment VALUES('15487','400','odd',2003,'C');
INSERT INTO enrollment VALUES('15487','545','odd',2001,'S');
INSERT INTO enrollment VALUES('15487','591','even',2005,'B');
INSERT INTO enrollment VALUES('15487','603','odd',2003,'B');
INSERT INTO enrollment VALUES('15487','663','even',2005,'C');
INSERT INTO enrollment VALUES('15517','274','odd',2002,'B');
INSERT INTO enrollment VALUES('15517','400','odd',2003,'E');
INSERT INTO enrollment VALUES('15517','443','even',2002,'A');
INSERT INTO enrollment VALUES('15517','468','odd',2005,'U');
INSERT INTO enrollment VALUES('15517','496','odd',2001,'C');
INSERT INTO enrollment VALUES('15517','581','even',2005,'C');
INSERT INTO enrollment VALUES('15517','808','odd',2003,'B');
INSERT INTO enrollment VALUES('15517','974','odd',2003,'A');
INSERT INTO enrollment VALUES('15538','137','even',2002,'B');
INSERT INTO enrollment VALUES('15538','169','odd',2002,'U');
INSERT INTO enrollment VALUES('15538','400','odd',2003,'S');
INSERT INTO enrollment VALUES('15538','457','even',2001,'A');
INSERT INTO enrollment VALUES('15538','559','odd',2002,'B');
INSERT INTO enrollment VALUES('15538','571','even',2004,'B');
INSERT INTO enrollment VALUES('15538','696','even',2002,'E');
INSERT INTO enrollment VALUES('15578','192','odd',2002,'B');
INSERT INTO enrollment VALUES('15578','445','even',2001,'S');
INSERT INTO enrollment VALUES('15578','457','even',2001,'B');
INSERT INTO enrollment VALUES('15578','482','odd',2005,'B');
INSERT INTO enrollment VALUES('15578','545','odd',2001,'E');
INSERT INTO enrollment VALUES('15578','599','even',2003,'B');
INSERT INTO enrollment VALUES('15578','735','even',2003,'U');
INSERT INTO enrollment VALUES('15578','802','even',2003,'B');
INSERT INTO enrollment VALUES('15613','366','odd',2005,'B');
INSERT INTO enrollment VALUES('15613','443','even',2002,'C');
INSERT INTO enrollment VALUES('15613','468','odd',2005,'A');
INSERT INTO enrollment VALUES('15613','496','odd',2001,'U');
INSERT INTO enrollment VALUES('15613','571','even',2004,'A');
INSERT INTO enrollment VALUES('15698','366','odd',2005,'B');
INSERT INTO enrollment VALUES('15698','545','odd',2001,'B');
INSERT INTO enrollment VALUES('15698','748','odd',2003,'B');
INSERT INTO enrollment VALUES('15698','760','even',2004,'S');
INSERT INTO enrollment VALUES('15698','802','even',2003,'D');
INSERT INTO enrollment VALUES('15726','200','odd',2002,'D');
INSERT INTO enrollment VALUES('15726','274','odd',2002,'C');
INSERT INTO enrollment VALUES('15726','545','odd',2001,'B');
INSERT INTO enrollment VALUES('15726','642','odd',2004,'E');
INSERT INTO enrollment VALUES('15726','760','even',2004,'S');
INSERT INTO enrollment VALUES('15883','461','odd',2002,'C');
INSERT INTO enrollment VALUES('15883','496','odd',2001,'E');
INSERT INTO enrollment VALUES('15883','571','even',2004,'E');
INSERT INTO enrollment VALUES('15883','581','even',2005,'S');
INSERT INTO enrollment VALUES('15883','603','odd',2003,'B');
INSERT INTO enrollment VALUES('15883','642','odd',2004,'D');
INSERT INTO enrollment VALUES('15883','747','even',2004,'A');
INSERT INTO enrollment VALUES('15883','760','even',2004,'B');
INSERT INTO enrollment VALUES('15883','802','even',2003,'E');
INSERT INTO enrollment VALUES('15980','319','even',2003,'U');
INSERT INTO enrollment VALUES('15980','421','odd',2004,'B');
INSERT INTO enrollment VALUES('15980','591','even',2005,'U');
INSERT INTO enrollment VALUES('15980','694','odd',2002,'B');
INSERT INTO enrollment VALUES('15980','793','even',2002,'B');
INSERT INTO enrollment VALUES('15980','808','odd',2003,'B');
INSERT INTO enrollment VALUES('16035','445','even',2001,'A');
INSERT INTO enrollment VALUES('16035','545','odd',2001,'B');
INSERT INTO enrollment VALUES('16035','663','even',2005,'A');
INSERT INTO enrollment VALUES('16035','694','odd',2002,'C');
INSERT INTO enrollment VALUES('16035','802','even',2003,'A');
INSERT INTO enrollment VALUES('16035','875','even',2005,'U');
INSERT INTO enrollment VALUES('16057','200','odd',2002,'A');
INSERT INTO enrollment VALUES('16057','366','odd',2005,'D');
INSERT INTO enrollment VALUES('16057','408','even',2003,'E');
INSERT INTO enrollment VALUES('16057','468','odd',2005,'U');
INSERT INTO enrollment VALUES('16057','603','odd',2003,'U');
INSERT INTO enrollment VALUES('16057','793','even',2002,'E');
INSERT INTO enrollment VALUES('16057','875','even',2005,'A');
INSERT INTO enrollment VALUES('16057','974','odd',2003,'B');
INSERT INTO enrollment VALUES('16075','105','odd',2002,'E');
INSERT INTO enrollment VALUES('16075','137','even',2002,'A');
INSERT INTO enrollment VALUES('16075','169','odd',2002,'D');
INSERT INTO enrollment VALUES('16075','274','odd',2002,'E');
INSERT INTO enrollment VALUES('16075','366','odd',2005,'A');
INSERT INTO enrollment VALUES('16075','795','even',2004,'A');
INSERT INTO enrollment VALUES('16133','169','odd',2002,'C');
INSERT INTO enrollment VALUES('16133','200','odd',2002,'C');
INSERT INTO enrollment VALUES('16133','362','odd',2005,'C');
INSERT INTO enrollment VALUES('16133','527','odd',2004,'U');
INSERT INTO enrollment VALUES('16133','696','even',2002,'E');
INSERT INTO enrollment VALUES('16133','747','even',2004,'C');
INSERT INTO enrollment VALUES('16133','795','even',2004,'A');
INSERT INTO enrollment VALUES('16133','875','even',2005,'D');
INSERT INTO enrollment VALUES('16250','362','odd',2005,'A');
INSERT INTO enrollment VALUES('16250','629','even',2003,'A');
INSERT INTO enrollment VALUES('16250','702','even',2001,'A');
INSERT INTO enrollment VALUES('16250','875','even',2005,'D');
INSERT INTO enrollment VALUES('16250','927','odd',2002,'A');
INSERT INTO enrollment VALUES('16297','200','odd',2002,'E');
INSERT INTO enrollment VALUES('16297','400','odd',2003,'U');
INSERT INTO enrollment VALUES('16297','421','odd',2004,'U');
INSERT INTO enrollment VALUES('16297','527','odd',2004,'B');
INSERT INTO enrollment VALUES('16297','581','even',2005,'D');
INSERT INTO enrollment VALUES('16297','642','odd',2004,'D');
INSERT INTO enrollment VALUES('16297','663','even',2005,'S');
INSERT INTO enrollment VALUES('16297','702','even',2001,'A');
INSERT INTO enrollment VALUES('163','169','odd',2002,'B');
INSERT INTO enrollment VALUES('163','192','odd',2002,'D');
INSERT INTO enrollment VALUES('163','274','odd',2002,'A');
INSERT INTO enrollment VALUES('163','581','even',2005,'S');
INSERT INTO enrollment VALUES('163','603','odd',2003,'A');
INSERT INTO enrollment VALUES('163','747','even',2004,'E');
INSERT INTO enrollment VALUES('16311','445','even',2001,'A');
INSERT INTO enrollment VALUES('16311','468','odd',2005,'A');

CREATE TABLE student (
  rollNo varchar2(5) NOT NULL,
  name varchar2(20) DEFAULT NULL,
  degree varchar2(10) DEFAULT NULL,
  year number(4,0) DEFAULT NULL,
  sex varchar2(6) DEFAULT NULL,
  deptNo varchar2(20) DEFAULT NULL,
  advisor varchar2(5) DEFAULT NULL) ;

INSERT INTO student VALUES('1000','Manber','DD',2002,'female','1','16807');
INSERT INTO student VALUES('10033','Zelty','MS',2001,'male','20','64871');
INSERT INTO student VALUES('10076','Duan','MS',2002,'male','1','6569');
INSERT INTO student VALUES('1018','Colin','B.Tech',2001,'female','1','79653');
INSERT INTO student VALUES('10204','Mediratta','M.Tech',2002,'male','12','65931');
INSERT INTO student VALUES('10267','Rzecz','MS',2001,'male','9','59795');
INSERT INTO student VALUES('10269','Hilberg','MS',2001,'male','17','15347');
INSERT INTO student VALUES('10454','Ugarte','B.Tech',2001,'male','6','37687');
INSERT INTO student VALUES('10481','Grosch','B.Tech',2001,'male','14','19368');
INSERT INTO student VALUES('10527','Kieras','MS',2001,'male','4','36897');
INSERT INTO student VALUES('10556','Reed','DD',2003,'female','7','3199');
INSERT INTO student VALUES('10663','Okaf','DD',2002,'female','12','28097');
INSERT INTO student VALUES('10693','Zabary','M.Tech',2001,'male','16','72553');
INSERT INTO student VALUES('107','Shabuno','B.Tech',2001,'male','18','15347');
INSERT INTO student VALUES('10705','Terauchi','MS',2001,'male','4','6569');
INSERT INTO student VALUES('10727','Allard','M.Tech',2001,'male','4','6569');
INSERT INTO student VALUES('10736','Veselovsky','MS',2002,'female','19','90643');
INSERT INTO student VALUES('108','Dhav','MS',2001,'female','2','77346');
INSERT INTO student VALUES('1080','Xue','DD',2002,'male','10','25946');
INSERT INTO student VALUES('10814','Waks','B.Tech',2001,'male','19','4034');
INSERT INTO student VALUES('10834','More','DD',2001,'male','12','79081');
INSERT INTO student VALUES('10838','Marlet','M.Tech',2001,'male','8','96895');
INSERT INTO student VALUES('1087','Roses','B.Tech',2001,'male','8','35579');
INSERT INTO student VALUES('10904','Jerns','DD',2002,'male','3','48570');
INSERT INTO student VALUES('10917','Morales','MS',2002,'male','13','77346');
INSERT INTO student VALUES('11055','Arnoux','DD',2001,'female','12','48507');
INSERT INTO student VALUES('11057','Robinson','M.Tech',2002,'male','5','72553');
INSERT INTO student VALUES('11076','Prasad','MS',2001,'male','6','95030');
INSERT INTO student VALUES('11083','Kerridge','DD',2001,'male','16','96895');
INSERT INTO student VALUES('11095','Schultz','MS',2001,'male','10','48570');
INSERT INTO student VALUES('1110','Tzeng','M.Tech',2001,'female','1','3335');
INSERT INTO student VALUES('11101','Glaho','MS',2002,'male','13','14365');
INSERT INTO student VALUES('11126','Englund','MS',2002,'female','6','35579');
INSERT INTO student VALUES('11152','Al-Tahat','DD',2002,'male','7','6569');
INSERT INTO student VALUES('11194','El-Helw','M.Tech',2001,'female','6','16807');
INSERT INTO student VALUES('11195','Shiang','DD',2003,'male','13','31955');
INSERT INTO student VALUES('11201','Bianchi','DD',2001,'female','16','52647');
INSERT INTO student VALUES('11202','Heckman','B.Tech',2001,'male','18','90376');
INSERT INTO student VALUES('11237','Rokhs','M.Tech',2001,'male','4','72553');
INSERT INTO student VALUES('11262','Foels','B.Tech',2002,'female','5','77346');
INSERT INTO student VALUES('11377','Jr','B.Tech',2001,'male','8','19368');
INSERT INTO student VALUES('11419','Geronimo','M.Tech',2001,'female','1','97302');
INSERT INTO student VALUES('11422','Saito','M.Tech',2001,'male','4','37687');
INSERT INTO student VALUES('11441','Betho','DD',2001,'male','10','35579');
INSERT INTO student VALUES('11453','Yamashita','DD',2002,'female','14','97302');
INSERT INTO student VALUES('11455','Peyse','MS',2002,'female','15','63395');
INSERT INTO student VALUES('11510','Rakoj','M.Tech',2001,'female','20','95709');
INSERT INTO student VALUES('11530','Ng','B.Tech',2001,'female','5','4034');
INSERT INTO student VALUES('11578','Kwan','MS',2002,'male','10','90376');
INSERT INTO student VALUES('11604','Neff','M.Tech',2001,'male','6','43779');
INSERT INTO student VALUES('11682','Juol','DD',2001,'female','15','59795');
INSERT INTO student VALUES('11855','Mendelzon','DD',2001,'male','10','72553');
INSERT INTO student VALUES('11966','Kowe','M.Tech',2001,'male','18','79653');
INSERT INTO student VALUES('12069','Skeen','B.Tech',2001,'male','3','65931');
INSERT INTO student VALUES('12078','Knutson','M.Tech',2001,'male','10','35579');
INSERT INTO student VALUES('12173','Thimm','MS',2002,'male','7','95709');
INSERT INTO student VALUES('1220','Hito','DD',2002,'female','12','50330');
INSERT INTO student VALUES('12214','Morales','B.Tech',2001,'male','10','25946');
INSERT INTO student VALUES('12216','Griffiths','M.Tech',2002,'male','13','34175');
INSERT INTO student VALUES('12236','Bricker','DD',2002,'male','8','95030');
INSERT INTO student VALUES('123','Wingb','MS',2001,'female','1','59795');
INSERT INTO student VALUES('1232','Marcus','MS',2001,'male','5','79653');
INSERT INTO student VALUES('12326','Watson','MS',2001,'female','11','42782');
INSERT INTO student VALUES('12362','Zhanr','M.Tech',2002,'male','1','25946');
INSERT INTO student VALUES('12563','Stone','MS',2001,'male','5','36897');
INSERT INTO student VALUES('12615','Tewari','B.Tech',2002,'male','12','34175');
INSERT INTO student VALUES('12666','Power','MS',2001,'female','15','74420');
INSERT INTO student VALUES('12683','Sin','B.Tech',2001,'male','8','63287');
INSERT INTO student VALUES('12711','Malagoli','M.Tech',2002,'male','4','58558');
INSERT INTO student VALUES('1285','Szczerban','B.Tech',2001,'male','6','4034');
INSERT INTO student VALUES('12941','Ren','DD',2001,'male','5','37687');
INSERT INTO student VALUES('12971','Bumbau','DD',2001,'male','19','50330');
INSERT INTO student VALUES('12979','Hammond','M.Tech',2002,'female','19','37687');
INSERT INTO student VALUES('13023','Serrano','DD',2002,'male','5','58558');
INSERT INTO student VALUES('13028','Okano','MS',2002,'male','12','78699');
INSERT INTO student VALUES('13081','Alqui','M.Tech',2002,'male','10','96895');
INSERT INTO student VALUES('13211','Diab','MS',2001,'male','1','57180');
INSERT INTO student VALUES('13217','Liu','DD',2004,'female','15','16807');
INSERT INTO student VALUES('13290','Bonatto','DD',2002,'female','2','77346');
INSERT INTO student VALUES('13352','Gorsky','DD',2002,'female','15','99052');
INSERT INTO student VALUES('13365','Wolter','M.Tech',2001,'male','20','95030');
INSERT INTO student VALUES('13403','Latour','B.Tech',2002,'female','7','14365');
INSERT INTO student VALUES('13408','Bromley','B.Tech',2001,'female','19','63287');
INSERT INTO student VALUES('13495','Srini','DD',2001,'male','6','59795');
INSERT INTO student VALUES('13504','Zander','M.Tech',2002,'female','14','81991');
INSERT INTO student VALUES('13506','Patrick','MS',2002,'female','4','90643');
INSERT INTO student VALUES('13511','Adam','M.Tech',2001,'female','13','3335');
INSERT INTO student VALUES('1367','Ignj','M.Tech',2001,'female','18','28097');
INSERT INTO student VALUES('13741','Grieng','MS',2001,'female','17','4034');
INSERT INTO student VALUES('13749','Alfaro','MS',2001,'male','5','79653');
INSERT INTO student VALUES('13753','Hoshi','B.Tech',2003,'female','1','81991');
INSERT INTO student VALUES('13757','Bedny','MS',2001,'male','14','42782');
INSERT INTO student VALUES('13826','Sommerfeldt','DD',2002,'female','6','31955');
INSERT INTO student VALUES('13880','Lazos','M.Tech',2001,'male','4','74420');
INSERT INTO student VALUES('13921','Berger','M.Tech',2001,'female','18','37687');
INSERT INTO student VALUES('1402','Oswald','DD',2001,'male','9','37687');
INSERT INTO student VALUES('14023','Deshpande','MS',2002,'male','3','73623');
INSERT INTO student VALUES('14032','Belhadji','MS',2002,'female','19','34175');
INSERT INTO student VALUES('14065','Starker','M.Tech',2003,'female','3','77346');
INSERT INTO student VALUES('14094','Miao','MS',2002,'male','9','95030');
INSERT INTO student VALUES('14182','Moszkowski','M.Tech',2002,'male','1','77346');
INSERT INTO student VALUES('14214','Yoneda','MS',2002,'female','13','22591');
INSERT INTO student VALUES('14284','Takeshi','M.Tech',2001,'male','15','80759');
INSERT INTO student VALUES('14432','Whitley','MS',2001,'male','12','79653');
INSERT INTO student VALUES('14484','Langer','M.Tech',2001,'male','14','48507');
INSERT INTO student VALUES('14499','Axte','DD',2003,'male','2','97302');
INSERT INTO student VALUES('14554','Ramadan','B.Tech',2002,'male','17','22591');
INSERT INTO student VALUES('14563','Haigh','DD',2001,'male','9','6569');
INSERT INTO student VALUES('14581','Vagn','DD',2001,'female','2','50885');
INSERT INTO student VALUES('14596','Vekk','MS',2001,'male','2','79081');
INSERT INTO student VALUES('1460','Martinsen','MS',2003,'male','3','43779');
INSERT INTO student VALUES('14621','Azevedo','MS',2002,'male','14','74426');
INSERT INTO student VALUES('14628','Lehtinen','M.Tech',2001,'male','17','59795');
INSERT INTO student VALUES('14639','Sagiv','DD',2002,'male','20','3199');
INSERT INTO student VALUES('14668','Malinen','MS',2002,'female','15','80759');
INSERT INTO student VALUES('14829','Philippe','MS',2001,'male','8','52647');
INSERT INTO student VALUES('14869','Palmer','B.Tech',2001,'male','14','22591');
INSERT INTO student VALUES('14874','Singhal','B.Tech',2001,'male','9','79081');
INSERT INTO student VALUES('15024','Kawahara','DD',2002,'male','1','77346');
INSERT INTO student VALUES('15030','Massour','B.Tech',2001,'female','20','77346');
INSERT INTO student VALUES('15070','Enokib','DD',2001,'female','18','97302');
INSERT INTO student VALUES('15074','Kirtane','B.Tech',2002,'male','4','4233');
INSERT INTO student VALUES('15083','Formisano','M.Tech',2001,'male','4','73623');
INSERT INTO student VALUES('15086','Sun','DD',2002,'male','4','48570');
INSERT INTO student VALUES('15144','Lapio','M.Tech',2001,'female','16','50330');
INSERT INTO student VALUES('15249','Cheah','DD',2002,'female','8','64871');
INSERT INTO student VALUES('15283','Williams','B.Tech',2001,'male','14','50330');
INSERT INTO student VALUES('15328','Chien','B.Tech',2002,'male','16','37687');
INSERT INTO student VALUES('1533','She','B.Tech',2002,'male','16','50885');
INSERT INTO student VALUES('15340','Silbert','M.Tech',2001,'female','17','16807');
INSERT INTO student VALUES('15430','Sasso','MS',2001,'female','17','95709');
INSERT INTO student VALUES('15457','Arinb','MS',2002,'female','4','95709');
INSERT INTO student VALUES('15487','Januszewski','MS',2001,'male','15','28400');
INSERT INTO student VALUES('15517','Anis','DD',2001,'female','12','41930');
INSERT INTO student VALUES('15538','Yeung','MS',2001,'male','15','59795');
INSERT INTO student VALUES('15578','Pacie','B.Tech',2001,'male','19','37687');
INSERT INTO student VALUES('15613','Umehara','M.Tech',2001,'female','5','50885');
INSERT INTO student VALUES('15698','Dink','DD',2001,'male','17','41930');
INSERT INTO student VALUES('15726','Neuhold','DD',2001,'male','11','72553');
INSERT INTO student VALUES('15883','Marques','B.Tech',2001,'male','18','22591');
INSERT INTO student VALUES('15980','Ross','DD',2002,'male','15','43779');
INSERT INTO student VALUES('16035','Starker','MS',2001,'male','7','81991');
INSERT INTO student VALUES('16057','Wicki','B.Tech',2002,'female','20','42782');
INSERT INTO student VALUES('16075','Wolter','DD',2002,'female','6','73623');
INSERT INTO student VALUES('16133','Orlet','B.Tech',2002,'female','13','74420');
INSERT INTO student VALUES('16250','Uhrig','MS',2001,'male','7','95709');
INSERT INTO student VALUES('16297','Sacchi','MS',2001,'male','5','16807');
INSERT INTO student VALUES('163','Bandekar','DD',2002,'male','11','41930');
INSERT INTO student VALUES('16311','Liao','DD',2001,'female','8','4233');
INSERT INTO student VALUES('16347','Morimoto','MS',2001,'male','20','90376');
INSERT INTO student VALUES('16405','Rahman','M.Tech',2002,'male','10','73623');
INSERT INTO student VALUES('16453','Kanata','MS',2001,'male','14','34175');
INSERT INTO student VALUES('16467','Meyl','B.Tech',2002,'female','9','50330');
INSERT INTO student VALUES('16480','Noga','B.Tech',2002,'male','17','41930');
INSERT INTO student VALUES('16515','Suppan','M.Tech',2001,'male','10','97302');
INSERT INTO student VALUES('16523','Redw','B.Tech',2001,'male','18','57180');
INSERT INTO student VALUES('16528','Angs','MS',2001,'female','8','48507');
INSERT INTO student VALUES('16543','Toffoli','MS',2001,'male','3','79081');
INSERT INTO student VALUES('16593','Skuras','MS',2001,'male','17','80759');
INSERT INTO student VALUES('16631','Stratulat','M.Tech',2002,'male','2','19368');
INSERT INTO student VALUES('16753','Kuwadak','M.Tech',2001,'male','9','96895');
INSERT INTO student VALUES('16849','Kantors','DD',2002,'male','12','3335');
INSERT INTO student VALUES('16885','Biehl','MS',2001,'male','18','35579');
INSERT INTO student VALUES('16907','Keiss','MS',2001,'male','8','78699');
INSERT INTO student VALUES('16969','Hakkinen','MS',2001,'male','11','50885');
INSERT INTO student VALUES('16993','Akaiw','MS',2001,'female','8','14365');
INSERT INTO student VALUES('17057','Swartj','DD',2001,'male','12','80759');
INSERT INTO student VALUES('17076','King','B.Tech',2002,'female','16','74420');
INSERT INTO student VALUES('17086','Hazemi','MS',2002,'male','18','16807');
INSERT INTO student VALUES('17128','Chuon','DD',2001,'female','1','4034');
INSERT INTO student VALUES('17133','Kang','M.Tech',2001,'female','1','95030');
INSERT INTO student VALUES('17192','Carroll','M.Tech',2005,'female','6','77346');
INSERT INTO student VALUES('17207','Holn','M.Tech',2001,'female','14','28400');
INSERT INTO student VALUES('1726','Matsunami','MS',2001,'male','2','36897');
INSERT INTO student VALUES('1727','Ratcliff','M.Tech',2001,'male','20','77346');
INSERT INTO student VALUES('17339','Petzo','DD',2002,'male','7','57180');
INSERT INTO student VALUES('1737','Shinagawa','DD',2002,'male','2','41930');
INSERT INTO student VALUES('17377','Pisini','MS',2002,'male','7','96895');
INSERT INTO student VALUES('17397','Caleff','MS',2001,'male','10','34175');
INSERT INTO student VALUES('17424','Zouao','M.Tech',2001,'female','7','81991');
INSERT INTO student VALUES('17507','Mathur','B.Tech',2002,'male','20','65931');
INSERT INTO student VALUES('17600','Peter','DD',2002,'female','10','73623');
INSERT INTO student VALUES('17607','Ould','MS',2001,'female','15','52647');
INSERT INTO student VALUES('17665','Tewari','M.Tech',2001,'male','7','74426');
INSERT INTO student VALUES('17676','Michel','MS',2001,'female','17','74426');
INSERT INTO student VALUES('17769','Pearlman','B.Tech',2002,'female','2','36897');
INSERT INTO student VALUES('17831','Srivastava','B.Tech',2002,'male','10','22591');
INSERT INTO student VALUES('17911','Audeh','M.Tech',2001,'female','2','28097');
INSERT INTO student VALUES('17924','Tavan','B.Tech',2002,'male','17','97302');
INSERT INTO student VALUES('17944','Hamarn','B.Tech',2001,'female','20','64871');
INSERT INTO student VALUES('17996','Karpist','M.Tech',2001,'male','11','78699');
INSERT INTO student VALUES('17997','Ishikawa','M.Tech',2002,'male','10','65931');
INSERT INTO student VALUES('18007','Chanon','DD',2002,'male','2','16807');
INSERT INTO student VALUES('18108','Brailsford','DD',2001,'female','13','34175');
INSERT INTO student VALUES('1812','Chyr','MS',2002,'male','5','4034');
INSERT INTO student VALUES('18234','Nirenbu','B.Tech',2001,'male','6','34175');
INSERT INTO student VALUES('1826','Dhav','B.Tech',2001,'female','14','64871');
INSERT INTO student VALUES('1827','Westbrook','DD',2004,'male','1','14365');
INSERT INTO student VALUES('18286','Pang','B.Tech',2002,'male','11','50885');
INSERT INTO student VALUES('18338','Kangs','DD',2001,'female','4','97302');
INSERT INTO student VALUES('1836','Marinov','MS',2001,'male','19','35579');
INSERT INTO student VALUES('18367','Goodwin','MS',2001,'female','1','74426');
INSERT INTO student VALUES('18469','Coppens','B.Tech',2002,'female','5','97302');
INSERT INTO student VALUES('18499','Peter','M.Tech',2002,'male','2','99052');
INSERT INTO student VALUES('18554','Ramaswamy','MS',2002,'male','17','72553');
INSERT INTO student VALUES('18583','Ma','M.Tech',2001,'male','11','50330');
INSERT INTO student VALUES('18636','Mori','M.Tech',2002,'female','16','43779');
INSERT INTO student VALUES('18675','Araya','DD',2001,'male','16','22591');
INSERT INTO student VALUES('18709','Agar','DD',2001,'female','18','52647');
INSERT INTO student VALUES('18740','Williamson','B.Tech',2001,'male','15','63395');
INSERT INTO student VALUES('18752','Schulman','DD',2002,'male','1','95709');
INSERT INTO student VALUES('18775','Pampal','M.Tech',2001,'male','9','37687');
INSERT INTO student VALUES('18808','Snif','MS',2002,'male','20','77346');
INSERT INTO student VALUES('18809','Benson','B.Tech',2001,'female','5','79081');
INSERT INTO student VALUES('18821','Linden','B.Tech',2002,'female','14','59795');
INSERT INTO student VALUES('1884','Masini','DD',2001,'male','5','72553');
INSERT INTO student VALUES('18859','Rubio','B.Tech',2001,'male','7','63395');
INSERT INTO student VALUES('18941','Denecker','MS',2001,'male','3','34175');
INSERT INTO student VALUES('19048','Leuen','M.Tech',2001,'female','16','73623');
INSERT INTO student VALUES('19050','Erdem','M.Tech',2001,'female','1','35579');
INSERT INTO student VALUES('19203','Koch','DD',2002,'female','4','79653');
INSERT INTO student VALUES('1922','Cavalcanti','M.Tech',2002,'male','15','4233');
INSERT INTO student VALUES('19220','Hayashi','MS',2001,'male','3','16807');
INSERT INTO student VALUES('19245','Cai','DD',2002,'male','9','80759');
INSERT INTO student VALUES('19293','Singhal','B.Tech',2003,'male','12','73623');
INSERT INTO student VALUES('19321','Chang','M.Tech',2002,'male','20','57180');
INSERT INTO student VALUES('19342','Bouzeghoub','MS',2001,'male','11','78699');
INSERT INTO student VALUES('19362','Linden','B.Tech',2001,'male','11','14365');
INSERT INTO student VALUES('19450','Asahara','MS',2001,'female','13','25946');
INSERT INTO student VALUES('19536','Bhattacharya','MS',2001,'female','18','28097');
INSERT INTO student VALUES('1954','Frank','B.Tech',2003,'male','12','4233');
INSERT INTO student VALUES('19541','Drews','DD',2001,'female','5','72553');
INSERT INTO student VALUES('19582','Canas','DD',2002,'male','11','96895');
INSERT INTO student VALUES('19603','Colu','MS',2002,'female','11','48570');
INSERT INTO student VALUES('19638','Dawson','DD',2002,'male','13','4034');
INSERT INTO student VALUES('1968','Sahm','MS',2002,'male','11','3335');
INSERT INTO student VALUES('19735','Bishop','M.Tech',2002,'male','4','90643');
INSERT INTO student VALUES('19766','Simon','M.Tech',2002,'female','2','28400');
INSERT INTO student VALUES('19791','Vanrell','MS',2002,'female','9','59795');
INSERT INTO student VALUES('19824','Savelieva','DD',2002,'female','4','77346');
INSERT INTO student VALUES('19848','Tiwari','MS',2001,'male','9','28097');
INSERT INTO student VALUES('19861','Fontana','B.Tech',2002,'male','1','25946');
INSERT INTO student VALUES('19862','Prasad','B.Tech',2002,'female','6','48507');
INSERT INTO student VALUES('19917','Hayrapetyan','B.Tech',2001,'male','10','74426');
INSERT INTO student VALUES('20002','Fournier','DD',2001,'male','8','28400');
INSERT INTO student VALUES('20084','Adda','MS',2002,'female','8','16807');
INSERT INTO student VALUES('20099','Lewis','B.Tech',2001,'male','20','95709');
INSERT INTO student VALUES('20180','Reyes','DD',2002,'male','10','95030');
INSERT INTO student VALUES('20195','Finney','MS',2002,'male','20','96895');
INSERT INTO student VALUES('20244','Abu-B','B.Tech',2001,'male','5','25946');
INSERT INTO student VALUES('20378','Lomi','DD',2001,'male','10','78699');
INSERT INTO student VALUES('20445','Laak','M.Tech',2001,'male','5','74426');
INSERT INTO student VALUES('20489','Shuming','DD',2001,'female','3','97302');
INSERT INTO student VALUES('20540','Cunha','M.Tech',2002,'female','3','41930');
INSERT INTO student VALUES('20803','Mercurio','DD',2002,'male','3','58558');
INSERT INTO student VALUES('20814','Cheed','B.Tech',2001,'male','5','16807');
INSERT INTO student VALUES('20974','Hawkins','MS',2002,'female','20','28400');
INSERT INTO student VALUES('20985','Wunderli','MS',2002,'male','3','79653');
INSERT INTO student VALUES('21008','Pavlovico','DD',2002,'male','20','95709');
INSERT INTO student VALUES('21009','Geon','B.Tech',2001,'female','3','42782');
INSERT INTO student VALUES('21086','Held','M.Tech',2002,'male','18','42782');
INSERT INTO student VALUES('21100','Juchn','DD',2001,'male','4','3335');
INSERT INTO student VALUES('21101','Gotchev','MS',2001,'female','14','96895');
INSERT INTO student VALUES('21102','He','DD',2001,'male','2','74426');
INSERT INTO student VALUES('21126','McCarter','M.Tech',2002,'male','13','52647');
INSERT INTO student VALUES('21225','Choll','B.Tech',2001,'female','19','74426');
INSERT INTO student VALUES('21246','Rais','B.Tech',2002,'female','1','72553');
INSERT INTO student VALUES('2133','Nardi','M.Tech',2001,'female','8','6569');
INSERT INTO student VALUES('21337','Goualh','M.Tech',2001,'female','5','43779');
INSERT INTO student VALUES('2139','Agarwal','MS',2001,'male','4','4233');
INSERT INTO student VALUES('21394','Patel','M.Tech',2002,'male','11','4034');
INSERT INTO student VALUES('21395','Leuen','DD',2002,'female','18','58558');
INSERT INTO student VALUES('21401','Garze','MS',2002,'male','4','79081');
INSERT INTO student VALUES('21552','Bradshaw','DD',2001,'female','4','22591');
INSERT INTO student VALUES('21556','Negron','MS',2002,'male','5','42782');
INSERT INTO student VALUES('21692','Nagal','DD',2002,'female','8','97302');
INSERT INTO student VALUES('21766','Cox','B.Tech',2002,'female','14','22591');
INSERT INTO student VALUES('2177','Cheah','B.Tech',2001,'female','14','50330');
INSERT INTO student VALUES('21774','Moh','DD',2003,'male','4','14365');
INSERT INTO student VALUES('2178','Mingoz','DD',2002,'male','19','64871');
INSERT INTO student VALUES('21789','Bates','MS',2001,'female','3','63395');
INSERT INTO student VALUES('22003','Ibah','MS',2002,'male','19','57180');
INSERT INTO student VALUES('22004','OBrien','MS',2002,'male','12','78699');
INSERT INTO student VALUES('2201','Sauer','MS',2001,'male','2','25946');
INSERT INTO student VALUES('22050','Alioto','M.Tech',2002,'male','4','79653');
INSERT INTO student VALUES('22057','Cal','M.Tech',2001,'male','13','48507');
INSERT INTO student VALUES('22086','Ockerb','MS',2001,'male','15','19368');
INSERT INTO student VALUES('22142','Gerstend','B.Tech',2001,'female','3','79653');
INSERT INTO student VALUES('22170','Sugavanam','M.Tech',2001,'male','4','73623');
INSERT INTO student VALUES('22179','Sundho','M.Tech',2001,'male','16','22591');
INSERT INTO student VALUES('22198','Read','DD',2001,'male','10','79081');
INSERT INTO student VALUES('22226','Kinney','DD',2002,'male','2','64871');
INSERT INTO student VALUES('22254','Gordon','M.Tech',2002,'male','16','64871');
INSERT INTO student VALUES('22258','Larion','MS',2002,'male','10','4034');
INSERT INTO student VALUES('22260','Daat','M.Tech',2002,'male','8','42782');
INSERT INTO student VALUES('22268','Dang','M.Tech',2002,'male','14','6569');
INSERT INTO student VALUES('22325','Oevers','M.Tech',2001,'male','16','37687');
INSERT INTO student VALUES('22345','Wecker','M.Tech',2002,'male','6','63287');
INSERT INTO student VALUES('22396','Wodn','B.Tech',2003,'male','2','48507');
INSERT INTO student VALUES('22417','McGuinness','DD',2001,'male','12','22591');
INSERT INTO student VALUES('22467','Dias','B.Tech',2001,'male','11','90643');
INSERT INTO student VALUES('22532','Silverman','MS',2001,'female','3','50330');
INSERT INTO student VALUES('22618','Voss','M.Tech',2001,'female','6','4034');
INSERT INTO student VALUES('22620','Lykin','DD',2001,'male','8','3335');
INSERT INTO student VALUES('2286','Ceze','DD',2001,'female','19','31955');
INSERT INTO student VALUES('22912','Sendlm','MS',2004,'male','12','19368');
INSERT INTO student VALUES('23110','Sahani','B.Tech',2001,'female','9','48507');
INSERT INTO student VALUES('23224','Kempn','M.Tech',2002,'male','17','36897');
INSERT INTO student VALUES('23270','Bouras','B.Tech',2002,'male','2','65931');
INSERT INTO student VALUES('23311','Brunet','B.Tech',2001,'female','10','73623');
INSERT INTO student VALUES('23344','Fierro-','M.Tech',2001,'male','18','43779');
INSERT INTO student VALUES('23373','Lang','DD',2001,'male','14','95030');
INSERT INTO student VALUES('23392','Curutchet','DD',2002,'female','19','59795');
INSERT INTO student VALUES('23439','Cai','MS',2002,'male','7','36897');
INSERT INTO student VALUES('23449','Noda','M.Tech',2002,'male','13','81991');
INSERT INTO student VALUES('23457','Shakhnovich','DD',2001,'female','8','57180');
INSERT INTO student VALUES('23475','Cecchi','M.Tech',2002,'female','15','97302');
INSERT INTO student VALUES('23500','Kinney','M.Tech',2002,'male','5','79653');
INSERT INTO student VALUES('23506','strm','M.Tech',2002,'female','6','52647');
INSERT INTO student VALUES('23525','DAgostino','MS',2001,'male','19','50330');
INSERT INTO student VALUES('23794','Sokolov','MS',2002,'male','6','90376');
INSERT INTO student VALUES('23934','Koizumi','B.Tech',2001,'female','7','99052');
INSERT INTO student VALUES('23992','Thornton','DD',2002,'male','17','4034');
INSERT INTO student VALUES('23994','Kalisz','B.Tech',2001,'female','19','57180');
INSERT INTO student VALUES('24002','Russa','MS',2002,'male','10','19368');
INSERT INTO student VALUES('24010','Brookh','DD',2001,'male','9','80759');
INSERT INTO student VALUES('24116','Fauth','DD',2001,'female','19','16807');
INSERT INTO student VALUES('2419','Hirakuri','B.Tech',2001,'male','20','73623');
INSERT INTO student VALUES('24197','Andert','M.Tech',2001,'male','4','65931');
INSERT INTO student VALUES('24201','Juol','B.Tech',2002,'male','6','57180');
INSERT INTO student VALUES('2423','Giralt','DD',2002,'male','8','34175');
INSERT INTO student VALUES('24325',' lvarez','B.Tech',2002,'male','13','79653');
INSERT INTO student VALUES('24374','Jo','MS',2001,'male','13','4034');
INSERT INTO student VALUES('24387','Yap','B.Tech',2002,'male','3','19368');
INSERT INTO student VALUES('24442','Greene','M.Tech',2001,'male','4','74426');
INSERT INTO student VALUES('24630','Halbert','MS',2001,'male','12','63395');
INSERT INTO student VALUES('24746','Schrefl','MS',2001,'male','3','19368');
INSERT INTO student VALUES('24784','Jessup','MS',2002,'female','9','4034');
INSERT INTO student VALUES('24796','Thimm','MS',2001,'female','6','35579');
INSERT INTO student VALUES('24809','Engeldr','B.Tech',2001,'male','17','58558');
INSERT INTO student VALUES('24865','Tran-','B.Tech',2002,'male','5','6569');
INSERT INTO student VALUES('24932','Segars','B.Tech',2001,'male','1','3199');
INSERT INTO student VALUES('2501','Leitner','DD',2001,'male','14','50885');
INSERT INTO student VALUES('25046','Cotterill','DD',2002,'male','11','50885');
INSERT INTO student VALUES('25068','Dickens','M.Tech',2002,'male','1','99052');
INSERT INTO student VALUES('25077','Palomo','DD',2002,'male','13','79653');
INSERT INTO student VALUES('25143','Visr','M.Tech',2001,'male','8','95709');
INSERT INTO student VALUES('25187','Fenwick','DD',2001,'male','3','41930');
INSERT INTO student VALUES('25256','Boulah','M.Tech',2001,'male','14','95030');
INSERT INTO student VALUES('25331','Baker','DD',2001,'male','8','35579');
INSERT INTO student VALUES('25362','Simmel','B.Tech',2001,'male','17','48570');
INSERT INTO student VALUES('25380','Vassileva','B.Tech',2001,'male','7','96895');
INSERT INTO student VALUES('25468','Hunter','B.Tech',2002,'male','9','4233');
INSERT INTO student VALUES('25525','Moreira','M.Tech',2001,'male','9','96895');
INSERT INTO student VALUES('25528','Sivew','MS',2001,'male','19','3335');
INSERT INTO student VALUES('25552','Calles','DD',2002,'male','11','81991');
INSERT INTO student VALUES('2561','Aschoff','DD',2002,'male','11','52647');
INSERT INTO student VALUES('25611','Sve','DD',2001,'male','7','63395');
INSERT INTO student VALUES('25718','Seyfert','M.Tech',2001,'male','15','6569');
INSERT INTO student VALUES('25725','Steeh','B.Tech',2002,'female','12','50330');
INSERT INTO student VALUES('25780','Ashmi','M.Tech',2002,'male','8','58558');
INSERT INTO student VALUES('25785','Knezo','M.Tech',2001,'male','15','73623');
INSERT INTO student VALUES('259','Bertranp','MS',2001,'male','8','16807');
INSERT INTO student VALUES('25940','Rosenkrantz','M.Tech',2001,'female','9','96895');
INSERT INTO student VALUES('25942','Leclercq','B.Tech',2002,'female','20','96895');
INSERT INTO student VALUES('26028','Birchler','MS',2001,'male','16','42782');
INSERT INTO student VALUES('26080','Simmel','MS',2001,'male','2','6569');
INSERT INTO student VALUES('26102','Tanaka','DD',2001,'female','16','99052');
INSERT INTO student VALUES('26147','Richter','DD',2001,'male','9','78699');
INSERT INTO student VALUES('2629','Goldbu','B.Tech',2001,'female','10','4233');
INSERT INTO student VALUES('26427','Ende','DD',2001,'female','11','80759');
INSERT INTO student VALUES('26473','Neru','MS',2001,'male','8','28097');
INSERT INTO student VALUES('26494','Heers','MS',2001,'male','17','25946');
INSERT INTO student VALUES('26619','Matsukawa','B.Tech',2002,'female','2','35579');
INSERT INTO student VALUES('26695','Hac','MS',2002,'male','11','15347');
INSERT INTO student VALUES('26730','Veselovsky','DD',2002,'female','17','41930');
INSERT INTO student VALUES('26802','Baber','B.Tech',2001,'male','9','77346');
INSERT INTO student VALUES('26881','Markin','DD',2002,'male','3','59795');
INSERT INTO student VALUES('27002','Veerar','M.Tech',2002,'male','16','28097');
INSERT INTO student VALUES('27017','Trur','M.Tech',2002,'female','19','95030');
INSERT INTO student VALUES('27043','Garze','MS',2002,'male','15','90376');
INSERT INTO student VALUES('27044','Kota','MS',2001,'male','19','73623');
INSERT INTO student VALUES('27094','Gur','B.Tech',2001,'male','12','77346');
INSERT INTO student VALUES('27140','Fitzpatrick','M.Tech',2001,'female','5','25946');
INSERT INTO student VALUES('27236','Date','M.Tech',2003,'female','14','79653');
INSERT INTO student VALUES('27366','Ssu','M.Tech',2001,'male','3','77346');
INSERT INTO student VALUES('27430','Gonzalez','M.Tech',2001,'female','13','48570');
INSERT INTO student VALUES('27528','Probst','B.Tech',2001,'female','2','80759');
INSERT INTO student VALUES('27556','Leitner','M.Tech',2001,'male','14','28400');
INSERT INTO student VALUES('27662','Tabarr','M.Tech',2001,'male','13','52647');
INSERT INTO student VALUES('27687','Yksel','M.Tech',2001,'female','4','4034');
INSERT INTO student VALUES('27727','Duong','MS',2002,'female','11','52647');
INSERT INTO student VALUES('27804','Brunt','B.Tech',2002,'male','7','79081');
INSERT INTO student VALUES('27898','Holloway','MS',2001,'male','7','37687');
INSERT INTO student VALUES('27919','Hubr','B.Tech',2002,'male','15','3335');
INSERT INTO student VALUES('2795','Milner','MS',2003,'male','11','28400');
INSERT INTO student VALUES('27950','Yksel','M.Tech',2002,'male','7','22591');
INSERT INTO student VALUES('27952','McQuillan','B.Tech',2001,'male','3','57180');
INSERT INTO student VALUES('27956','Watzel','MS',2002,'male','17','79081');
INSERT INTO student VALUES('28004','Savelieva','DD',2002,'male','11','3335');
INSERT INTO student VALUES('28019','Cayto','B.Tech',2002,'female','3','15347');
INSERT INTO student VALUES('28128','Crick','MS',2002,'male','9','74420');
INSERT INTO student VALUES('28133','Evano','M.Tech',2001,'male','1','3199');
INSERT INTO student VALUES('282','Rougemont','B.Tech',2001,'male','10','28400');
INSERT INTO student VALUES('28252','Pfister','MS',2001,'female','11','90643');
INSERT INTO student VALUES('28299','Grange','DD',2002,'male','10','63395');
INSERT INTO student VALUES('28316','Rajan','M.Tech',2002,'male','20','78699');
INSERT INTO student VALUES('28352','Mai','MS',2001,'male','6','36897');
INSERT INTO student VALUES('28361','Sorensen','M.Tech',2001,'female','4','96895');
INSERT INTO student VALUES('28409','Hirasawa','DD',2003,'male','12','34175');
INSERT INTO student VALUES('2848','Carr','M.Tech',2001,'female','1','57180');
INSERT INTO student VALUES('28518','Catani','MS',2002,'male','13','97302');
INSERT INTO student VALUES('28538','Mathur','M.Tech',2002,'male','16','99052');
INSERT INTO student VALUES('28738','Birkett','B.Tech',2002,'male','1','79653');
INSERT INTO student VALUES('288','Canellas','MS',2002,'male','14','41930');
INSERT INTO student VALUES('28829','Reiss','DD',2001,'male','4','6569');
INSERT INTO student VALUES('28952','Kennedy','M.Tech',2001,'male','8','74420');
INSERT INTO student VALUES('28977','Chatterton','DD',2001,'female','17','74426');
INSERT INTO student VALUES('28989','Albinal','MS',2001,'female','14','58558');
INSERT INTO student VALUES('28994','Williamson','MS',2002,'male','16','4233');
INSERT INTO student VALUES('29002','Duxbury','B.Tech',2001,'male','3','63395');
INSERT INTO student VALUES('29031','Berthold','DD',2002,'male','7','78699');
INSERT INTO student VALUES('29091','Ahso','DD',2001,'male','6','63287');
INSERT INTO student VALUES('29140','Reuver','B.Tech',2001,'female','19','48570');
INSERT INTO student VALUES('29192','Gomez','DD',2002,'male','12','48570');
INSERT INTO student VALUES('29239','Simmel','DD',2003,'male','14','65931');
INSERT INTO student VALUES('29260','Verhoeven','B.Tech',2001,'male','4','57180');
INSERT INTO student VALUES('29390','Aufr','B.Tech',2001,'female','12','52647');
INSERT INTO student VALUES('29399','Sutter','DD',2001,'male','5','50330');
INSERT INTO student VALUES('29435','Siddiqi','M.Tech',2002,'female','17','77346');
INSERT INTO student VALUES('29462','Daues','B.Tech',2001,'female','6','3199');
INSERT INTO student VALUES('29514','Michael','B.Tech',2001,'female','2','4034');
INSERT INTO student VALUES('29645','Oller','B.Tech',2001,'female','3','37687');
INSERT INTO student VALUES('29665','Lykin','DD',2001,'male','10','3199');
INSERT INTO student VALUES('2967','Stokic','M.Tech',2001,'female','20','73623');
INSERT INTO student VALUES('2970','Montes-y','M.Tech',2002,'male','3','42782');
INSERT INTO student VALUES('29705','Stetson','M.Tech',2001,'male','11','80759');
INSERT INTO student VALUES('29707','Gaspar','DD',2001,'male','16','59795');
INSERT INTO student VALUES('29803','Beavis','B.Tech',2002,'male','8','3199');
INSERT INTO student VALUES('29849','Solar','B.Tech',2001,'male','4','43779');
INSERT INTO student VALUES('29863','Harmon','DD',2002,'female','15','16807');
INSERT INTO student VALUES('29871','Iwasa','MS',2002,'male','18','3335');
INSERT INTO student VALUES('29920','Kogure','M.Tech',2001,'female','17','35579');
INSERT INTO student VALUES('29959','Narli','DD',2001,'female','4','57180');
INSERT INTO student VALUES('30017','Mateo','DD',2001,'male','3','15347');
INSERT INTO student VALUES('30021','Youseffi','M.Tech',2002,'male','3','4233');
INSERT INTO student VALUES('3005','Ibrahim','DD',2001,'male','6','31955');
INSERT INTO student VALUES('30110','Humphrey','DD',2001,'female','15','95030');
INSERT INTO student VALUES('30124','Alfaro','M.Tech',2001,'male','18','48570');
INSERT INTO student VALUES('30161','Grude','DD',2002,'male','13','63287');
INSERT INTO student VALUES('30164','Ende','DD',2001,'male','15','35579');
INSERT INTO student VALUES('30177','Vajapeyaz','B.Tech',2001,'male','6','4233');
INSERT INTO student VALUES('30182','Porr','DD',2001,'male','13','48507');
INSERT INTO student VALUES('30188','Ahmad','DD',2001,'male','5','19368');
INSERT INTO student VALUES('30222','Lepp','DD',2001,'male','8','90376');
INSERT INTO student VALUES('30252','Folkers','DD',2002,'male','12','65931');
INSERT INTO student VALUES('30289','Lanfr','MS',2001,'male','3','35579');
INSERT INTO student VALUES('30299','Marsh','DD',2002,'male','12','50330');
INSERT INTO student VALUES('30334','Arakawa','MS',2002,'male','4','6569');
INSERT INTO student VALUES('30341','Anse','B.Tech',2001,'male','3','79081');
INSERT INTO student VALUES('3039','Brookh','MS',2004,'male','10','4233');
INSERT INTO student VALUES('30397','Dism','M.Tech',2001,'female','1','65931');
INSERT INTO student VALUES('30474','Paniez','DD',2001,'male','15','65931');
INSERT INTO student VALUES('30650','Chaudhuri','MS',2001,'male','10','43779');
INSERT INTO student VALUES('30723','Mali','B.Tech',2003,'male','4','74420');
INSERT INTO student VALUES('30772','Inoue','DD',2001,'male','18','57180');
INSERT INTO student VALUES('30845','Fonseca','B.Tech',2002,'male','18','48507');
INSERT INTO student VALUES('30858','Shaffer','B.Tech',2001,'female','4','4233');
INSERT INTO student VALUES('30896','Rueda','DD',2001,'male','9','50885');
INSERT INTO student VALUES('30943','Botha','MS',2001,'male','3','63287');
INSERT INTO student VALUES('30957','Beaudry','B.Tech',2001,'male','13','14365');
INSERT INTO student VALUES('31035','Arnoux','M.Tech',2002,'male','1','19368');
INSERT INTO student VALUES('31079','Canas','DD',2002,'female','14','65931');
INSERT INTO student VALUES('31080','Aschoff','M.Tech',2002,'female','15','31955');
INSERT INTO student VALUES('31086','Zulueta','M.Tech',2001,'male','17','48570');
INSERT INTO student VALUES('31101','Lhomme','M.Tech',2002,'male','14','15347');
INSERT INTO student VALUES('31137','Porter','B.Tech',2002,'male','16','50330');
INSERT INTO student VALUES('31250','Kawasaki','DD',2002,'female','15','14365');
INSERT INTO student VALUES('31266','Kacpr','B.Tech',2001,'male','4','81991');
INSERT INTO student VALUES('3127','Resa','DD',2001,'male','17','35579');
INSERT INTO student VALUES('31302','Qian','B.Tech',2002,'female','12','95709');
INSERT INTO student VALUES('31337','Graziano','B.Tech',2001,'male','19','50330');
INSERT INTO student VALUES('31341','Rotter','DD',2002,'male','5','42782');
INSERT INTO student VALUES('31364','Rieger','DD',2002,'male','2','34175');
INSERT INTO student VALUES('3143','Haddad','DD',2003,'female','12','63395');
INSERT INTO student VALUES('31442','Bessou','DD',2001,'male','18','37687');
INSERT INTO student VALUES('31476','OConnor','DD',2002,'female','19','36897');
INSERT INTO student VALUES('31486','Okubo','MS',2002,'male','19','95030');
INSERT INTO student VALUES('31516','Hassine','DD',2001,'female','19','95030');
INSERT INTO student VALUES('31554','Fuller','DD',2002,'male','12','14365');
INSERT INTO student VALUES('31560','Neld','DD',2001,'female','10','36897');
INSERT INTO student VALUES('31624','Keuk','B.Tech',2002,'male','12','41930');
INSERT INTO student VALUES('3163','Riera','B.Tech',2005,'male','2','72553');
INSERT INTO student VALUES('31690','Bondi','M.Tech',2001,'male','9','14365');
INSERT INTO student VALUES('31761','Jame','MS',2001,'male','6','72553');
INSERT INTO student VALUES('31820','Riahi','B.Tech',2001,'male','15','90376');
INSERT INTO student VALUES('31993','Ueda','DD',2002,'male','9','77346');
INSERT INTO student VALUES('32056','Frost','DD',2001,'female','18','52647');
INSERT INTO student VALUES('32065','Tapia','DD',2001,'male','18','42782');
INSERT INTO student VALUES('32119','Nagashima','M.Tech',2002,'female','19','42782');
INSERT INTO student VALUES('32130','Bannac','DD',2002,'male','2','16807');
INSERT INTO student VALUES('32217','Argar','MS',2001,'male','18','4233');
INSERT INTO student VALUES('32245','Saariluoma','MS',2003,'male','16','15347');
INSERT INTO student VALUES('32345','Chormo','DD',2001,'male','2','74426');
INSERT INTO student VALUES('32368','Ouaz','DD',2001,'male','10','48570');
INSERT INTO student VALUES('32369','Kaleta','M.Tech',2002,'male','17','64871');
INSERT INTO student VALUES('32376','Nakajima','DD',2001,'male','14','4233');
INSERT INTO student VALUES('32385','Park','DD',2001,'male','1','72553');
INSERT INTO student VALUES('32419','Sahani','B.Tech',2001,'male','1','95030');
INSERT INTO student VALUES('32464','Kinney','M.Tech',2001,'male','8','79653');
INSERT INTO student VALUES('32483','Atre','DD',2002,'male','18','72553');
INSERT INTO student VALUES('32490','McCracken','B.Tech',2001,'male','9','35579');
INSERT INTO student VALUES('32506','Suzuki','MS',2002,'female','14','28097');
INSERT INTO student VALUES('32744','Robins','MS',2003,'male','11','37687');
INSERT INTO student VALUES('32772','Leventhal','M.Tech',2001,'female','7','59795');
INSERT INTO student VALUES('32881','Bagato','DD',2002,'male','1','16807');
INSERT INTO student VALUES('32886','Damas','MS',2001,'female','17','57180');
INSERT INTO student VALUES('32954','Curutchet','MS',2001,'male','10','90376');
INSERT INTO student VALUES('33094','Fakin','M.Tech',2005,'female','8','14365');
INSERT INTO student VALUES('33107','Liley','DD',2002,'male','1','77346');
INSERT INTO student VALUES('33201','Macias','B.Tech',2003,'male','1','81991');
INSERT INTO student VALUES('33206','McCormack','MS',2003,'female','1','42782');
INSERT INTO student VALUES('33338','Stead','B.Tech',2001,'male','17','95030');
INSERT INTO student VALUES('33349','Peck','DD',2001,'male','2','78699');
INSERT INTO student VALUES('3335','Otterm','DD',2001,'male','11','74420');
INSERT INTO student VALUES('33401','Campbell','B.Tech',2002,'female','19','14365');
INSERT INTO student VALUES('33460','Leonard','M.Tech',2001,'male','17','95709');
INSERT INTO student VALUES('33546','Saguez','MS',2002,'male','6','72553');
INSERT INTO student VALUES('336','Constantinescu','M.Tech',2001,'male','11','28097');
INSERT INTO student VALUES('33645','Kawakami','M.Tech',2002,'male','9','81991');
INSERT INTO student VALUES('33651','Seike','M.Tech',2002,'male','12','96895');
INSERT INTO student VALUES('33759','Mowbray','MS',2001,'female','17','15347');
INSERT INTO student VALUES('33791','Wood','B.Tech',2002,'male','1','65931');
INSERT INTO student VALUES('33817','Vagn','M.Tech',2002,'male','12','90643');
INSERT INTO student VALUES('33837','Nicol','MS',2003,'male','17','78699');
INSERT INTO student VALUES('33882','Borutz','B.Tech',2001,'female','1','74426');
INSERT INTO student VALUES('34018','Asahara','B.Tech',2001,'male','19','28097');
INSERT INTO student VALUES('34055','Orono','B.Tech',2001,'female','14','14365');
INSERT INTO student VALUES('34126','Schreitm','M.Tech',2001,'male','8','95709');
INSERT INTO student VALUES('34158','Mantzo','M.Tech',2002,'male','14','90376');
INSERT INTO student VALUES('34170','Chan','M.Tech',2001,'male','9','81991');
INSERT INTO student VALUES('34195','Bosnjak','M.Tech',2001,'male','14','14365');
INSERT INTO student VALUES('34197','Nestor','DD',2001,'male','10','73623');
INSERT INTO student VALUES('34236','Maalej','DD',2002,'female','18','57180');
INSERT INTO student VALUES('34322','Baba','B.Tech',2001,'male','2','41930');
INSERT INTO student VALUES('34329','Malcher','M.Tech',2002,'female','7','81991');
INSERT INTO student VALUES('34331','Kacpr','M.Tech',2001,'male','8','52647');
INSERT INTO student VALUES('34386','Hagedorn','B.Tech',2002,'female','3','74426');
INSERT INTO student VALUES('34392','Lauciu','M.Tech',2001,'male','3','79653');
INSERT INTO student VALUES('34404','Fries','MS',2001,'male','3','74426');
INSERT INTO student VALUES('34422','Nakajima','B.Tech',2001,'female','20','79653');
INSERT INTO student VALUES('34502','Farr','MS',2001,'male','6','31955');
INSERT INTO student VALUES('34542','Basile','B.Tech',2001,'female','4','79081');
INSERT INTO student VALUES('34569','Arndt','MS',2001,'male','8','15347');
INSERT INTO student VALUES('34770','Porter','MS',2002,'male','10','64871');
INSERT INTO student VALUES('34788','Barkov','M.Tech',2002,'male','1','37687');
INSERT INTO student VALUES('3487','Deshpande','DD',2002,'male','10','4034');
INSERT INTO student VALUES('3493','Riser','B.Tech',2003,'female','12','74426');
INSERT INTO student VALUES('34957','Kalogerou','M.Tech',2001,'male','19','28097');
INSERT INTO student VALUES('35','Glaho','M.Tech',2001,'female','3','65931');
INSERT INTO student VALUES('35042','Nives','MS',2001,'male','9','97302');
INSERT INTO student VALUES('35138','Corbac','DD',2001,'male','20','41930');
INSERT INTO student VALUES('35175','Quimby','DD',2001,'male','3','90643');
INSERT INTO student VALUES('35198','Loc','MS',2003,'female','1','22591');
INSERT INTO student VALUES('35220','Shilv','DD',2001,'female','3','80759');
INSERT INTO student VALUES('35257','Ebou','B.Tech',2001,'male','9','90643');
INSERT INTO student VALUES('35293','Cao','M.Tech',2002,'male','10','90376');
INSERT INTO student VALUES('35357','Gradino','DD',2003,'female','7','50330');
INSERT INTO student VALUES('35362','ONi','B.Tech',2001,'female','16','16807');
INSERT INTO student VALUES('3545','Peskin','MS',2001,'male','16','74420');
INSERT INTO student VALUES('35462','Byrd','B.Tech',2001,'female','16','28097');
INSERT INTO student VALUES('35498','Lanfr','B.Tech',2001,'male','8','80759');
INSERT INTO student VALUES('35523','Yamamoto','M.Tech',2002,'male','8','25946');
INSERT INTO student VALUES('35588','John','DD',2001,'male','1','48570');
INSERT INTO student VALUES('35685','Usi','DD',2001,'male','3','97302');
INSERT INTO student VALUES('35687','Letouzey','B.Tech',2001,'male','8','77346');
INSERT INTO student VALUES('35721','Suppan','M.Tech',2001,'female','18','43779');
INSERT INTO student VALUES('3576','Nakanishi','DD',2002,'male','4','78699');
INSERT INTO student VALUES('35881','zel','MS',2001,'female','13','78699');
INSERT INTO student VALUES('35905','Lima','B.Tech',2001,'female','15','16807');
INSERT INTO student VALUES('35935','ODono','M.Tech',2002,'male','10','48570');
INSERT INTO student VALUES('36019','Quaranta','DD',2001,'male','14','96895');
INSERT INTO student VALUES('36052','Guerra','DD',2001,'male','19','31955');
INSERT INTO student VALUES('36102','Szendrei','B.Tech',2002,'male','13','35579');
INSERT INTO student VALUES('36126','Fung','MS',2001,'female','14','63287');
INSERT INTO student VALUES('36244','Neuhold','M.Tech',2001,'male','8','58558');
INSERT INTO student VALUES('36263','Souza','M.Tech',2001,'female','1','4034');
INSERT INTO student VALUES('36265','Kaupp','DD',2001,'male','4','96895');
INSERT INTO student VALUES('36303','Nair','DD',2001,'male','20','58558');
INSERT INTO student VALUES('36379','Triebel','DD',2001,'male','9','42782');
INSERT INTO student VALUES('36384','Sandsj','B.Tech',2001,'male','11','97302');
INSERT INTO student VALUES('3639','Story','DD',2001,'male','16','59795');
INSERT INTO student VALUES('3640','Karniel','B.Tech',2001,'male','15','79653');
INSERT INTO student VALUES('36402','Hippu','M.Tech',2002,'female','15','57180');
INSERT INTO student VALUES('36494','Baccou','DD',2001,'male','17','4034');
INSERT INTO student VALUES('3651','Narayanan','B.Tech',2003,'male','19','41930');
INSERT INTO student VALUES('36513','Ugarte','MS',2001,'female','15','52647');
INSERT INTO student VALUES('36657','Ching','B.Tech',2001,'male','7','96895');
INSERT INTO student VALUES('36685','Fathi','B.Tech',2001,'male','8','4034');
INSERT INTO student VALUES('36791','Bomme','MS',2002,'male','19','80759');
INSERT INTO student VALUES('36845','Okaf','DD',2003,'male','18','72553');
INSERT INTO student VALUES('36881','Dalton','DD',2002,'male','2','59795');
INSERT INTO student VALUES('36926','Kamae','MS',2002,'female','1','43779');
INSERT INTO student VALUES('3693','Zafar','MS',2002,'male','15','73623');
INSERT INTO student VALUES('36995','Sgot','DD',2001,'male','11','16807');
INSERT INTO student VALUES('37038','Grieng','MS',2001,'male','18','79653');
INSERT INTO student VALUES('37101','Falconer','M.Tech',2002,'male','4','80759');
INSERT INTO student VALUES('37103','Walker','B.Tech',2001,'female','15','79081');
INSERT INTO student VALUES('37219','Poize','B.Tech',2001,'female','9','72553');
INSERT INTO student VALUES('37284','Benabd','DD',2002,'female','4','35579');
INSERT INTO student VALUES('37339','Warren','DD',2001,'female','17','3199');
INSERT INTO student VALUES('37350','Sohn','MS',2002,'male','4','99052');
INSERT INTO student VALUES('3739','Davy','DD',2001,'male','3','99052');
INSERT INTO student VALUES('37430','Norman','B.Tech',2002,'female','10','41930');
INSERT INTO student VALUES('37449','Ssu','MS',2001,'female','6','63287');
INSERT INTO student VALUES('37454','Frasinc','B.Tech',2002,'male','2','96895');
INSERT INTO student VALUES('37521','Mes','B.Tech',2001,'male','2','4034');
INSERT INTO student VALUES('37581','Arndt','B.Tech',2002,'female','13','36897');
INSERT INTO student VALUES('37586','Valtchev','M.Tech',2001,'male','2','81991');
INSERT INTO student VALUES('37653','Campbell','MS',2001,'female','5','42782');
INSERT INTO student VALUES('37715','Westbrook','M.Tech',2001,'female','10','35579');
INSERT INTO student VALUES('37734','Kamata','MS',2002,'male','1','31955');
INSERT INTO student VALUES('37759','Signah','DD',2001,'male','13','95030');
INSERT INTO student VALUES('37809','Soni','M.Tech',2002,'female','12','28400');
INSERT INTO student VALUES('37818','Jiao','DD',2001,'male','1','43779');
INSERT INTO student VALUES('37856','Gay','M.Tech',2002,'male','16','25946');
INSERT INTO student VALUES('37869','Beeu','DD',2001,'male','7','97302');
INSERT INTO student VALUES('37946','Vrato','B.Tech',2001,'male','11','28097');
INSERT INTO student VALUES('38013','Frolova','DD',2002,'male','5','63287');
INSERT INTO student VALUES('38121','Zuyev','MS',2002,'male','7','65931');
INSERT INTO student VALUES('38271','Kosken','DD',2002,'male','13','79081');
INSERT INTO student VALUES('38288','Matsuda','MS',2001,'male','20','3199');
INSERT INTO student VALUES('3833','Hayat','MS',2001,'male','2','14365');
INSERT INTO student VALUES('38336','Sagawe','MS',2001,'male','1','36897');
INSERT INTO student VALUES('38371','Harada','MS',2003,'male','18','48570');
INSERT INTO student VALUES('38476','Rzecz','B.Tech',2001,'male','6','95030');
INSERT INTO student VALUES('38545','Fok','B.Tech',2001,'male','7','63287');
INSERT INTO student VALUES('38548','Scibili','M.Tech',2002,'male','6','74420');
INSERT INTO student VALUES('38555','Vogt','M.Tech',2001,'female','19','74426');
INSERT INTO student VALUES('38602','Torres','MS',2001,'male','13','77346');
INSERT INTO student VALUES('38668','Spector','DD',2001,'male','19','97302');
INSERT INTO student VALUES('38676','Swien','MS',2001,'female','19','3199');
INSERT INTO student VALUES('38691','Theodores','M.Tech',2001,'female','8','28400');
INSERT INTO student VALUES('38696','Spadon','M.Tech',2001,'male','9','50885');
INSERT INTO student VALUES('38712','Kreutz','M.Tech',2001,'male','19','97302');
INSERT INTO student VALUES('38895','Beuthel','B.Tech',2003,'male','2','15347');
INSERT INTO student VALUES('38899','Murphy','MS',2002,'female','5','37687');
INSERT INTO student VALUES('38902','Xiang','M.Tech',2002,'male','18','65931');
INSERT INTO student VALUES('38973','Maglioni','MS',2001,'male','9','65931');
INSERT INTO student VALUES('390','Alkio','DD',2001,'male','19','4233');
INSERT INTO student VALUES('39046','Narasimhamu','B.Tech',2002,'male','18','19368');
INSERT INTO student VALUES('39114','Kerz','MS',2002,'male','7','96895');
INSERT INTO student VALUES('39115','Boulah','B.Tech',2001,'female','1','6569');
INSERT INTO student VALUES('39157','Loull','DD',2001,'male','8','36897');
INSERT INTO student VALUES('39204','Castle','DD',2001,'male','1','74426');
INSERT INTO student VALUES('39238','Kyriakopoulos','DD',2001,'female','6','72553');
INSERT INTO student VALUES('39241','Solar','M.Tech',2001,'male','20','95030');
INSERT INTO student VALUES('39254','Elme','M.Tech',2002,'female','16','90376');
INSERT INTO student VALUES('39310','Ploski','M.Tech',2001,'male','9','63395');
INSERT INTO student VALUES('39394','Reinhardt','M.Tech',2001,'female','3','14365');
INSERT INTO student VALUES('39472','Soper','M.Tech',2002,'male','19','77346');
INSERT INTO student VALUES('39514','Yean','DD',2004,'female','8','14365');
INSERT INTO student VALUES('39520','Lui','MS',2002,'male','14','97302');
INSERT INTO student VALUES('39521','Holloway','DD',2001,'male','8','97302');
INSERT INTO student VALUES('39552','Tsukamoto','M.Tech',2002,'female','4','63395');
INSERT INTO student VALUES('39580','Macias','MS',2001,'male','17','3199');
INSERT INTO student VALUES('39612','Androutsopoulos','DD',2001,'male','19','14365');
INSERT INTO student VALUES('39619','Dwyer','DD',2001,'female','20','74426');
INSERT INTO student VALUES('39657','Ryder','M.Tech',2002,'male','14','28400');
INSERT INTO student VALUES('39704','Frank','DD',2002,'male','16','73623');
INSERT INTO student VALUES('39876','Wood','B.Tech',2001,'male','8','72553');
INSERT INTO student VALUES('39881','Herman','MS',2001,'male','15','72553');
INSERT INTO student VALUES('39892','Urano','B.Tech',2002,'female','15','28097');
INSERT INTO student VALUES('39901','Dellwo','DD',2003,'male','2','43779');
INSERT INTO student VALUES('39925','Preuss','B.Tech',2002,'female','1','97302');
INSERT INTO student VALUES('39927','Bartels','B.Tech',2002,'male','3','77346');
INSERT INTO student VALUES('39978','Drig','MS',2001,'male','7','31955');
INSERT INTO student VALUES('4004','Tabor','M.Tech',2002,'male','2','50330');
INSERT INTO student VALUES('40044','Jode','M.Tech',2002,'female','20','3199');
INSERT INTO student VALUES('40059','Montilla','MS',2001,'male','14','4034');
INSERT INTO student VALUES('40080','Llam','DD',2001,'male','1','95709');
INSERT INTO student VALUES('40116','Joshi','MS',2001,'male','17','42782');
INSERT INTO student VALUES('4015','Cole','B.Tech',2001,'female','14','96895');
INSERT INTO student VALUES('40178','Greene','MS',2002,'male','20','99052');
INSERT INTO student VALUES('40189','Holt','MS',2002,'male','9','22591');
INSERT INTO student VALUES('40276','Konstantinides','MS',2001,'female','20','77346');
INSERT INTO student VALUES('40303','Rudolf','DD',2001,'female','5','99052');
INSERT INTO student VALUES('4034','Xie','M.Tech',2002,'female','19','97302');
INSERT INTO student VALUES('40371','Trimble','MS',2001,'male','4','31955');
INSERT INTO student VALUES('40457','Bouras','M.Tech',2003,'female','3','95709');
INSERT INTO student VALUES('40481','Zettel','MS',2001,'male','1','16807');
INSERT INTO student VALUES('40558','Pacie','DD',2002,'male','11','79653');
INSERT INTO student VALUES('40677','Ponnambalam','B.Tech',2001,'female','1','95030');
INSERT INTO student VALUES('40682','Rowe','B.Tech',2003,'female','12','36897');
INSERT INTO student VALUES('40738','Dima','B.Tech',2001,'male','11','65931');
INSERT INTO student VALUES('40897','Coppens','MS',2001,'male','18','73623');
INSERT INTO student VALUES('40932','Rioult','M.Tech',2001,'male','9','34175');
INSERT INTO student VALUES('40937','Petzo','B.Tech',2001,'male','12','4233');
INSERT INTO student VALUES('40992','Xing','B.Tech',2001,'male','17','63395');
INSERT INTO student VALUES('41091','Maillet','DD',2001,'male','12','96895');
INSERT INTO student VALUES('41211','Fok','MS',2001,'male','8','6569');
INSERT INTO student VALUES('41261','Hubr','DD',2002,'male','4','35579');
INSERT INTO student VALUES('41280','Birtz','B.Tech',2001,'female','11','81991');
INSERT INTO student VALUES('41299','Siebers','DD',2001,'male','1','90643');
INSERT INTO student VALUES('41345','Tola','B.Tech',2002,'male','11','50330');
INSERT INTO student VALUES('41406','Dahmann','DD',2002,'female','2','95030');
INSERT INTO student VALUES('41450','McLeod','M.Tech',2001,'male','5','77346');
INSERT INTO student VALUES('41491','Beavis','MS',2001,'female','9','37687');
INSERT INTO student VALUES('41596','Abeggl','M.Tech',2001,'female','11','3335');
INSERT INTO student VALUES('41599','Meneses','B.Tech',2001,'female','12','48507');
INSERT INTO student VALUES('41671','Valf','B.Tech',2001,'male','12','35579');
INSERT INTO student VALUES('41674','April','B.Tech',2001,'male','2','3199');
INSERT INTO student VALUES('41675','Wheeler','M.Tech',2001,'male','4','36897');
INSERT INTO student VALUES('41683','Pietkiewicz','B.Tech',2001,'female','2','28097');
INSERT INTO student VALUES('4173','Erol','B.Tech',2002,'male','16','25946');
INSERT INTO student VALUES('41741','Kato','M.Tech',2001,'male','10','43779');
INSERT INTO student VALUES('41751','Kaufman','DD',2001,'male','6','34175');
INSERT INTO student VALUES('41774','Tassel','MS',2002,'male','10','37687');
INSERT INTO student VALUES('41818','Wari','DD',2002,'female','7','65931');
INSERT INTO student VALUES('4182','Powals','MS',2001,'male','10','63287');
INSERT INTO student VALUES('41827','Chriso','M.Tech',2001,'male','10','35579');
INSERT INTO student VALUES('41832','Curl','M.Tech',2001,'female','3','4233');
INSERT INTO student VALUES('41890','Srivastava','MS',2002,'female','4','35579');
INSERT INTO student VALUES('41894','Ortmann','MS',2002,'male','1','63287');
INSERT INTO student VALUES('41938','Jordan','M.Tech',2001,'male','3','96895');
INSERT INTO student VALUES('41965','Boden','M.Tech',2002,'male','13','65931');
INSERT INTO student VALUES('41973','Werf','B.Tech',2001,'female','1','73623');
INSERT INTO student VALUES('41988','Gall','DD',2002,'female','10','28097');
INSERT INTO student VALUES('42019','Koch','M.Tech',2002,'female','11','78699');
INSERT INTO student VALUES('42092','Arinb','B.Tech',2002,'male','9','74420');
INSERT INTO student VALUES('42096','Freib','M.Tech',2002,'female','2','4233');
INSERT INTO student VALUES('42114','Mezzar','MS',2003,'male','13','28097');
INSERT INTO student VALUES('42298','Fournier','MS',2001,'male','2','52647');
INSERT INTO student VALUES('42388','Nikut','DD',2002,'male','3','97302');
INSERT INTO student VALUES('4248','Wright','M.Tech',2001,'male','11','15347');
INSERT INTO student VALUES('42556','Tsantis','DD',2001,'male','10','28400');
INSERT INTO student VALUES('42560','Amr','DD',2001,'male','6','37687');
INSERT INTO student VALUES('42565','Hartsk','DD',2001,'female','14','79081');
INSERT INTO student VALUES('42625','Holland','B.Tech',2001,'male','10','25946');
INSERT INTO student VALUES('42688','Palma','M.Tech',2002,'male','2','36897');
INSERT INTO student VALUES('42843','Lin','MS',2002,'male','20','50330');
INSERT INTO student VALUES('42956','Ram','DD',2003,'male','4','63287');
INSERT INTO student VALUES('42960','McGinn','DD',2002,'male','11','73623');
INSERT INTO student VALUES('42991','Kaiser','DD',2002,'female','10','6569');
INSERT INTO student VALUES('43016','Beekw','MS',2001,'male','3','3199');
INSERT INTO student VALUES('43032','Tanaka','M.Tech',2002,'female','2','42782');
INSERT INTO student VALUES('43123','Shim','MS',2002,'male','12','95030');
INSERT INTO student VALUES('43130','Yong','MS',2001,'female','9','4034');
INSERT INTO student VALUES('43211','Xylo','MS',2001,'male','14','79653');
INSERT INTO student VALUES('43226','Shoji','DD',2001,'female','2','43779');
INSERT INTO student VALUES('43348','Venturini','M.Tech',2001,'male','20','81991');
INSERT INTO student VALUES('43432','Caporali','B.Tech',2001,'male','14','63287');
INSERT INTO student VALUES('4345','Resa','B.Tech',2001,'male','10','28400');
INSERT INTO student VALUES('43495','Scher','B.Tech',2001,'male','14','3335');
INSERT INTO student VALUES('435','Moskow','MS',2001,'male','10','4233');
INSERT INTO student VALUES('43505','Yoon','MS',2001,'male','16','72553');
INSERT INTO student VALUES('4355','Cui','B.Tech',2001,'male','7','14365');
INSERT INTO student VALUES('43616','Tam','B.Tech',2001,'male','15','79081');
INSERT INTO student VALUES('43658','Meneses','M.Tech',2001,'male','14','79653');
INSERT INTO student VALUES('4383','Tallis','M.Tech',2002,'female','3','35579');
INSERT INTO student VALUES('43854','Gau','B.Tech',2001,'female','14','81991');
INSERT INTO student VALUES('43912','Papakir','B.Tech',2001,'female','11','80759');
INSERT INTO student VALUES('43981','Quimby','M.Tech',2004,'female','6','48507');
INSERT INTO student VALUES('43989','Makarychev','DD',2002,'male','8','74426');
INSERT INTO student VALUES('43993','Halbert','MS',2002,'female','18','95030');
INSERT INTO student VALUES('44038','Chandra','B.Tech',2002,'male','1','63395');
INSERT INTO student VALUES('44206','Gilmour','DD',2001,'male','9','73623');
INSERT INTO student VALUES('44258','Steinmetz','MS',2001,'male','8','96895');
INSERT INTO student VALUES('44271','Sowerby','MS',2002,'female','7','58558');
INSERT INTO student VALUES('44304','Cox','M.Tech',2001,'female','7','22591');
INSERT INTO student VALUES('4435','Labroc','MS',2001,'male','8','79081');
INSERT INTO student VALUES('44352','Itoh','B.Tech',2002,'male','15','16807');
INSERT INTO student VALUES('4438','Yoshioka','MS',2001,'male','13','25946');
INSERT INTO student VALUES('4449','Gilliam','M.Tech',2002,'female','2','37687');
INSERT INTO student VALUES('44551','Nguyen','B.Tech',2001,'male','14','74420');
INSERT INTO student VALUES('44584','Agar','B.Tech',2001,'male','12','64871');
INSERT INTO student VALUES('44703','Hsieh','B.Tech',2002,'male','5','28400');
INSERT INTO student VALUES('44706','Bland','MS',2001,'female','7','43779');
INSERT INTO student VALUES('44816','Burman','M.Tech',2002,'female','3','80759');
INSERT INTO student VALUES('44836','Lanfr','M.Tech',2001,'male','1','72553');
INSERT INTO student VALUES('44881','Harshman','M.Tech',2001,'male','13','22591');
INSERT INTO student VALUES('44985','Prieto','B.Tech',2002,'male','2','31955');
INSERT INTO student VALUES('44998','Borrus','MS',2001,'male','1','36897');
INSERT INTO student VALUES('45002','Abraham','MS',2002,'female','17','99052');
INSERT INTO student VALUES('4508','Cochran','MS',2002,'female','7','28097');
INSERT INTO student VALUES('45083','Stasko','M.Tech',2001,'male','5','74426');
INSERT INTO student VALUES('45200','Kitagawa','B.Tech',2001,'female','19','37687');
INSERT INTO student VALUES('45300','Kambayashi','DD',2001,'male','12','37687');
INSERT INTO student VALUES('45359','Zelek','MS',2001,'male','5','80759');
INSERT INTO student VALUES('45436','Ahmadian','M.Tech',2001,'male','17','34175');
INSERT INTO student VALUES('45494','Matsush','M.Tech',2003,'male','12','97302');
INSERT INTO student VALUES('45570','Hoyos','M.Tech',2001,'female','2','25946');
INSERT INTO student VALUES('45650','Mateo','DD',2001,'male','5','37687');
INSERT INTO student VALUES('45680','Kiltz','B.Tech',2001,'male','13','79653');
INSERT INTO student VALUES('45720','Yeoh','DD',2001,'female','4','16807');
INSERT INTO student VALUES('45770','Beekw','DD',2001,'male','19','59795');
INSERT INTO student VALUES('45817','Herrmann','M.Tech',2001,'male','17','35579');
INSERT INTO student VALUES('4582','Zaniolo','M.Tech',2003,'male','18','64871');
INSERT INTO student VALUES('45826','Teng','B.Tech',2001,'female','20','14365');
INSERT INTO student VALUES('46035','Kamez','M.Tech',2001,'male','2','31955');
INSERT INTO student VALUES('46066','Hirasawa','B.Tech',2001,'female','20','79653');
INSERT INTO student VALUES('46074','Fong','DD',2001,'male','11','58558');
INSERT INTO student VALUES('46106','Pledg','DD',2002,'male','14','28097');
INSERT INTO student VALUES('46155','Kruglyak','M.Tech',2002,'female','14','78699');
INSERT INTO student VALUES('46260','Bloom','M.Tech',2002,'male','3','48570');
INSERT INTO student VALUES('463','Houtsm','M.Tech',2002,'female','4','19368');
INSERT INTO student VALUES('46337','Nagaraj','M.Tech',2001,'male','13','48507');
INSERT INTO student VALUES('46436','Richardson','MS',2002,'female','3','50885');
INSERT INTO student VALUES('46441','Zander','DD',2002,'male','15','14365');
INSERT INTO student VALUES('46442','Kagd','MS',2001,'male','13','48570');
INSERT INTO student VALUES('4645','Ryoo','M.Tech',2002,'male','11','28400');
INSERT INTO student VALUES('46450','Tleu','B.Tech',2001,'male','9','28400');
INSERT INTO student VALUES('46451','Chilu','M.Tech',2001,'male','6','90643');
INSERT INTO student VALUES('46655','Advani','MS',2002,'male','15','81991');
INSERT INTO student VALUES('46694','Masamura','DD',2001,'female','18','28400');
INSERT INTO student VALUES('46725','Richi','DD',2001,'male','16','90376');
INSERT INTO student VALUES('46762','Bier','MS',2002,'female','9','22591');
INSERT INTO student VALUES('46769','Kivv','DD',2001,'male','17','52647');
INSERT INTO student VALUES('4682','Betho','MS',2002,'female','8','35579');
INSERT INTO student VALUES('46928','Barry','M.Tech',2001,'male','15','3199');
INSERT INTO student VALUES('46956','Nallape','B.Tech',2002,'male','14','48570');
INSERT INTO student VALUES('46970','Rafiq','DD',2003,'male','15','81991');
INSERT INTO student VALUES('46980','Roessler','M.Tech',2002,'male','14','3199');
INSERT INTO student VALUES('46981','Yalk','MS',2002,'male','16','77346');
INSERT INTO student VALUES('47001','Correia','B.Tech',2001,'male','9','50330');
INSERT INTO student VALUES('47025','Jouny','M.Tech',2001,'male','17','58558');
INSERT INTO student VALUES('47126','Bakirc','B.Tech',2002,'male','9','35579');
INSERT INTO student VALUES('47265','Albinal','M.Tech',2001,'male','9','63287');
INSERT INTO student VALUES('47379','Wakamiya','B.Tech',2001,'female','9','74420');
INSERT INTO student VALUES('47487','Villa','M.Tech',2001,'female','11','41930');
INSERT INTO student VALUES('47627','Warren','M.Tech',2002,'male','16','99052');
INSERT INTO student VALUES('47630','Odell','DD',2001,'male','13','72553');
INSERT INTO student VALUES('47670','Xue','MS',2002,'female','6','95030');
INSERT INTO student VALUES('47677','Tso','B.Tech',2001,'female','17','31955');
INSERT INTO student VALUES('47824','Hardt','DD',2001,'male','14','52647');
INSERT INTO student VALUES('48009','Lopes','M.Tech',2001,'male','6','16807');
INSERT INTO student VALUES('48053','Macias','B.Tech',2002,'male','9','35579');
INSERT INTO student VALUES('48165','Asikainen','DD',2001,'female','5','59795');
INSERT INTO student VALUES('48247','Gustafsson','B.Tech',2001,'male','3','28400');
INSERT INTO student VALUES('48423','Krone','DD',2001,'male','6','95709');
INSERT INTO student VALUES('48462','Wolf','M.Tech',2002,'male','1','52647');
INSERT INTO student VALUES('48469','Kolodko','DD',2002,'male','19','95709');
INSERT INTO student VALUES('48471','Elias','M.Tech',2002,'male','10','99052');
INSERT INTO student VALUES('48589','Martyno','DD',2003,'female','20','64871');
INSERT INTO student VALUES('4860','Penneb','M.Tech',2001,'male','19','73623');
INSERT INTO student VALUES('48611','Suppan','DD',2001,'male','12','77346');
INSERT INTO student VALUES('48640','Brown','B.Tech',2001,'male','3','3335');
INSERT INTO student VALUES('48660','Emam','DD',2001,'female','17','95030');
INSERT INTO student VALUES('48678','Tuomisto','B.Tech',2001,'male','15','6569');
INSERT INTO student VALUES('48776','Wall','MS',2002,'male','16','58558');
INSERT INTO student VALUES('48778','Pup','M.Tech',2001,'male','17','80759');
INSERT INTO student VALUES('48850','Wehen','DD',2001,'male','2','36897');
INSERT INTO student VALUES('48861','Ende','DD',2001,'female','8','52647');
INSERT INTO student VALUES('48901','Gong','DD',2002,'male','5','4034');
INSERT INTO student VALUES('49073','Bonvin','M.Tech',2001,'female','7','80759');
INSERT INTO student VALUES('49205','Agraz','B.Tech',2002,'male','6','36897');
INSERT INTO student VALUES('49214','Vogel','MS',2001,'male','17','4034');
INSERT INTO student VALUES('49244','Chikar','MS',2002,'female','17','72553');
INSERT INTO student VALUES('49280','Wilson','B.Tech',2002,'female','17','63395');
INSERT INTO student VALUES('49339','Snif','MS',2002,'male','1','41930');
INSERT INTO student VALUES('49391','Rammer','DD',2003,'female','5','16807');
INSERT INTO student VALUES('4940','Rhyne','M.Tech',2002,'male','20','15347');
INSERT INTO student VALUES('49450','Gotoh','M.Tech',2001,'male','14','59795');
INSERT INTO student VALUES('49503','Seaz','DD',2001,'male','11','37687');
INSERT INTO student VALUES('49611','Karande','B.Tech',2001,'female','14','58558');
INSERT INTO student VALUES('49618','Stone','DD',2002,'male','10','74426');
INSERT INTO student VALUES('49684','Ceze','DD',2001,'female','1','95030');
INSERT INTO student VALUES('49701','Read','MS',2001,'male','1','42782');
INSERT INTO student VALUES('49759','Androutsopoulos','B.Tech',2003,'male','11','65931');
INSERT INTO student VALUES('49792','Petersen','DD',2001,'male','8','63395');
INSERT INTO student VALUES('49813','Al-Hu','M.Tech',2001,'male','3','48507');
INSERT INTO student VALUES('49873','Nikut','MS',2001,'male','15','22591');
INSERT INTO student VALUES('499','Seike','MS',2002,'male','19','35579');
INSERT INTO student VALUES('49982','Haigh','M.Tech',2002,'male','12','77346');
INSERT INTO student VALUES('4S001','Mahesh','M.S',2014,'male','9','4233');
INSERT INTO student VALUES('50013','Milanic','MS',2001,'male','18','25946');
INSERT INTO student VALUES('50038','Urano','DD',2002,'male','10','6569');
INSERT INTO student VALUES('50039','Kurt','MS',2001,'male','16','64871');
INSERT INTO student VALUES('5005','Cesaret','DD',2003,'male','1','4233');
INSERT INTO student VALUES('5017','Reuter','MS',2001,'male','16','37687');
INSERT INTO student VALUES('50206','Cesaret','B.Tech',2002,'male','20','81991');
INSERT INTO student VALUES('50267','Spengler','MS',2001,'female','11','43779');
INSERT INTO student VALUES('50331','Bullinger','B.Tech',2002,'male','17','78699');
INSERT INTO student VALUES('50365','Held','M.Tech',2001,'male','20','90376');
INSERT INTO student VALUES('50386','Bersk','DD',2001,'female','19','48507');
INSERT INTO student VALUES('50414','Landau','MS',2001,'male','8','52647');
INSERT INTO student VALUES('50467','Kabir','M.Tech',2001,'male','15','64871');
INSERT INTO student VALUES('50537','Felling','M.Tech',2001,'male','20','95709');
INSERT INTO student VALUES('50583','Ng','M.Tech',2002,'male','11','41930');
INSERT INTO student VALUES('50598','She','M.Tech',2002,'male','17','95709');
INSERT INTO student VALUES('50658','Cayto','B.Tech',2001,'female','1','81991');
INSERT INTO student VALUES('50664','Rajnov','M.Tech',2002,'male','2','36897');
INSERT INTO student VALUES('507','Recc','M.Tech',2002,'female','3','78699');
INSERT INTO student VALUES('50702','Harders','M.Tech',2001,'male','18','77346');
INSERT INTO student VALUES('50703','Blanchard','M.Tech',2002,'male','14','41930');
INSERT INTO student VALUES('50719','Model','B.Tech',2001,'female','12','3335');
INSERT INTO student VALUES('50743','Lindner','M.Tech',2003,'male','2','52647');
INSERT INTO student VALUES('50873','Beck','DD',2001,'female','5','19368');
INSERT INTO student VALUES('50944','Tao','MS',2002,'male','6','58558');
INSERT INTO student VALUES('50966','Concilio','MS',2002,'female','11','25946');
INSERT INTO student VALUES('50969','Terauchi','M.Tech',2001,'female','3','77346');
INSERT INTO student VALUES('50977','Allen','DD',2002,'male','19','3335');
INSERT INTO student VALUES('51008','Kandadai','DD',2002,'female','3','16807');
INSERT INTO student VALUES('51084','Pah','M.Tech',2001,'male','10','63287');
INSERT INTO student VALUES('51093','Syng','MS',2002,'male','17','15347');
INSERT INTO student VALUES('51203','Lahtinen','MS',2001,'male','18','78699');
INSERT INTO student VALUES('51238','Kran','B.Tech',2003,'male','1','4034');
INSERT INTO student VALUES('51416','Shan','DD',2001,'male','17','19368');
INSERT INTO student VALUES('5144','Abdellatif','M.Tech',2002,'female','12','34175');
INSERT INTO student VALUES('51538','Ang','MS',2001,'female','12','77346');
INSERT INTO student VALUES('51549','Rao','DD',2002,'male','20','63395');
INSERT INTO student VALUES('51553','Willis','MS',2003,'male','11','74426');
INSERT INTO student VALUES('51579','Holz','DD',2001,'female','2','34175');
INSERT INTO student VALUES('51678','Klivansky','MS',2001,'male','6','65931');
INSERT INTO student VALUES('51698','Sharpe','M.Tech',2002,'female','3','6569');
INSERT INTO student VALUES('51723','Lagendijk','M.Tech',2001,'male','9','42782');
INSERT INTO student VALUES('51768','Noga','M.Tech',2002,'female','15','80759');
INSERT INTO student VALUES('51817','MacIntyre','MS',2001,'female','4','4233');
INSERT INTO student VALUES('51862','Carrillo','MS',2001,'female','7','28400');
INSERT INTO student VALUES('51868','Guthk','B.Tech',2002,'male','6','52647');
INSERT INTO student VALUES('51923','Peterson','DD',2001,'male','1','96895');
INSERT INTO student VALUES('51955','Tompa','DD',2001,'female','11','81991');
INSERT INTO student VALUES('51975','Nicol','M.Tech',2002,'male','10','16807');
INSERT INTO student VALUES('51997','Nadg','B.Tech',2001,'female','10','48570');
INSERT INTO student VALUES('52019','Engen','B.Tech',2002,'male','15','90643');
INSERT INTO student VALUES('52057','Garg','MS',2002,'male','19','81991');
INSERT INTO student VALUES('52076','Noda','B.Tech',2002,'male','14','48570');
INSERT INTO student VALUES('5208','Feyr','M.Tech',2002,'male','16','36897');
INSERT INTO student VALUES('52120','Redw','B.Tech',2002,'male','4','34175');
INSERT INTO student VALUES('52134','Johnson','DD',2001,'male','4','35579');
INSERT INTO student VALUES('52157','Nagle','MS',2003,'male','14','65931');
INSERT INTO student VALUES('52187','Fritsch','MS',2001,'female','18','73623');
INSERT INTO student VALUES('52203','Suwanno','M.Tech',2001,'male','6','4233');
INSERT INTO student VALUES('52291','Wolff','M.Tech',2002,'male','20','77346');
INSERT INTO student VALUES('52371','Boons','M.Tech',2001,'female','5','4233');
INSERT INTO student VALUES('52385','Higuchi','M.Tech',2002,'male','14','63287');
INSERT INTO student VALUES('5243','Bajracharya','B.Tech',2001,'female','5','58558');
INSERT INTO student VALUES('52471','Recc','DD',2001,'female','11','4233');
INSERT INTO student VALUES('52494','Sznajder','DD',2001,'male','16','97302');
INSERT INTO student VALUES('5250','strm','DD',2002,'male','11','48570');
INSERT INTO student VALUES('52523','Hobbs','M.Tech',2002,'male','7','31955');
INSERT INTO student VALUES('52656','Phillips','MS',2001,'male','17','80759');
INSERT INTO student VALUES('52669','Rayad','B.Tech',2001,'male','4','37687');
INSERT INTO student VALUES('52707','Arena','MS',2001,'male','3','64871');
INSERT INTO student VALUES('52741','Bernhart','B.Tech',2001,'male','14','42782');
INSERT INTO student VALUES('52750','Saito','DD',2001,'male','20','57180');
INSERT INTO student VALUES('52856','Grange','MS',2002,'male','4','97302');
INSERT INTO student VALUES('52866','Loull','MS',2001,'male','18','35579');
INSERT INTO student VALUES('52872','Chaney','DD',2001,'male','19','28400');
INSERT INTO student VALUES('52876','Dahmann','B.Tech',2001,'male','10','80759');
INSERT INTO student VALUES('52929','Hashim','MS',2001,'male','18','43779');
INSERT INTO student VALUES('52945','Adeni','MS',2002,'male','10','48570');
INSERT INTO student VALUES('5298','Radici','DD',2002,'female','11','90376');
INSERT INTO student VALUES('53047','Geil','B.Tech',2001,'female','20','34175');
INSERT INTO student VALUES('53048','Keps','M.Tech',2002,'female','13','57180');
INSERT INTO student VALUES('53077','Brandt','M.Tech',2002,'female','3','48507');
INSERT INTO student VALUES('53089','Vedag','M.Tech',2001,'male','7','78699');
INSERT INTO student VALUES('53118','Carvey','M.Tech',2001,'male','9','79081');
INSERT INTO student VALUES('53152','Sayre','B.Tech',2002,'female','1','99052');
INSERT INTO student VALUES('53165','Dowey','DD',2002,'male','3','35579');
INSERT INTO student VALUES('53172','Du','MS',2002,'female','9','90376');
INSERT INTO student VALUES('53185','Yuanq','MS',2001,'male','8','25946');
INSERT INTO student VALUES('53225','Juan','M.Tech',2002,'female','11','58558');
INSERT INTO student VALUES('5336','Peltz','M.Tech',2001,'male','18','42782');
INSERT INTO student VALUES('53424','Lemoine','DD',2002,'male','10','63395');
INSERT INTO student VALUES('53451','Hasan','B.Tech',2003,'male','4','4233');
INSERT INTO student VALUES('53469','Fujii','M.Tech',2002,'male','14','80759');
INSERT INTO student VALUES('53485','Rowe','DD',2003,'female','7','15347');
INSERT INTO student VALUES('53490','Reina-','B.Tech',2001,'male','10','42782');
INSERT INTO student VALUES('53496','Cashman','M.Tech',2001,'male','5','3199');
INSERT INTO student VALUES('53547','Neubert','M.Tech',2001,'male','20','73623');
INSERT INTO student VALUES('53588','Schwet','M.Tech',2002,'female','10','81991');
INSERT INTO student VALUES('53699','Cordt','DD',2002,'female','10','14365');
INSERT INTO student VALUES('53728','Eck','B.Tech',2002,'male','16','57180');
INSERT INTO student VALUES('53788','Byun','B.Tech',2001,'male','14','77346');
INSERT INTO student VALUES('53799','Okabe','B.Tech',2001,'female','13','3335');
INSERT INTO student VALUES('53803','Okaf','M.Tech',2001,'male','1','15347');
INSERT INTO student VALUES('53805','Ludwig','M.Tech',2001,'male','13','74420');
INSERT INTO student VALUES('5381','Diana','MS',2001,'male','10','77346');
INSERT INTO student VALUES('5393','Clemens','B.Tech',2001,'female','20','41930');
INSERT INTO student VALUES('5399','Chun','B.Tech',2002,'female','6','79653');
INSERT INTO student VALUES('5414','Aiken','DD',2001,'female','6','63395');
INSERT INTO student VALUES('54153','Kammerer','M.Tech',2002,'male','20','57180');
INSERT INTO student VALUES('54296','Osinski','B.Tech',2001,'male','19','97302');
INSERT INTO student VALUES('544','Uchiyama','B.Tech',2001,'female','2','78699');
INSERT INTO student VALUES('54460','Martini','DD',2001,'female','18','6569');
INSERT INTO student VALUES('54508','Gregga','DD',2001,'male','4','80759');
INSERT INTO student VALUES('54605','Yoshioka','DD',2001,'male','19','4034');
INSERT INTO student VALUES('54610','Tam','M.Tech',2001,'male','10','28400');
INSERT INTO student VALUES('54612','Zarat','MS',2001,'male','19','3335');
INSERT INTO student VALUES('54620','Hancock','DD',2001,'male','12','58558');
INSERT INTO student VALUES('54622','Yu','DD',2002,'female','16','4034');
INSERT INTO student VALUES('5463','Reiss','DD',2001,'male','11','25946');
INSERT INTO student VALUES('54672','Thie','MS',2001,'male','6','77346');
INSERT INTO student VALUES('54728','Seta','MS',2001,'male','3','6569');
INSERT INTO student VALUES('54875','Feng','DD',2001,'male','16','43779');
INSERT INTO student VALUES('55000','Levitan','B.Tech',2003,'female','2','64871');
INSERT INTO student VALUES('55009','Pohlem','M.Tech',2001,'male','6','48570');
INSERT INTO student VALUES('55170','Ivanov','B.Tech',2002,'male','3','4034');
INSERT INTO student VALUES('55238','Thadani','B.Tech',2002,'male','4','35579');


CREATE TABLE teaching (
  empId varchar2(5) NOT NULL,
  courseId varchar2(8) NOT NULL,
  sem varchar2(6) NOT NULL,
  year number(4,0) NOT NULL,
classRoom varchar2(5));


INSERT INTO teaching VALUES('15347','457','Even',2001,'R5');
INSERT INTO teaching VALUES('19368','545','Odd',2001,'R2');
INSERT INTO teaching VALUES('19368','581','Even',2005,'R2');
INSERT INTO teaching VALUES('19368','591','Even',2005,'R6');
INSERT INTO teaching VALUES('22591','400','Odd',2003,'R2');
INSERT INTO teaching VALUES('22591','482','Odd',2005,'R7');
INSERT INTO teaching VALUES('22591','599','Even',2003,'R9');
INSERT INTO teaching VALUES('22591','642','Odd',2004,'R6');
INSERT INTO teaching VALUES('22591','663','Even',2005,'R3');
INSERT INTO teaching VALUES('25946','192','Odd',2002,'R7');
INSERT INTO teaching VALUES('28097','366','Odd',2005,'R1');
INSERT INTO teaching VALUES('28097','808','Odd',2003,'R1');
INSERT INTO teaching VALUES('28400','603','Odd',2003,'R6');
INSERT INTO teaching VALUES('3199','169','Odd',2002,'R12');
INSERT INTO teaching VALUES('34175','274','Odd',2002,'R1');
INSERT INTO teaching VALUES('34175','571','Even',2004,'R2');
INSERT INTO teaching VALUES('34175','747','Even',2004,'R1');
INSERT INTO teaching VALUES('36897','696','Even',2002,'R10');
INSERT INTO teaching VALUES('36897','795','Even',2004,'R3');
INSERT INTO teaching VALUES('41930','401','Odd',2003,'R3');
INSERT INTO teaching VALUES('41930','421','Odd',2004,'R5');
INSERT INTO teaching VALUES('42782','793','Even',2002,'R6');
INSERT INTO teaching VALUES('43779','105','Odd',2002,'R8');
INSERT INTO teaching VALUES('6569','137','Even',2002,'R4');
INSERT INTO teaching VALUES('6569','319','Even',2003,'R12');
INSERT INTO teaching VALUES('6569','362','Odd',2005,'R5');
INSERT INTO teaching VALUES('6569','445','Even',2001,'R1');
INSERT INTO teaching VALUES('6569','527','Odd',2004,'R4');
INSERT INTO teaching VALUES('65931','875','Even',2005,'R8');
INSERT INTO teaching VALUES('73623','694','Odd',2002,'R3');
INSERT INTO teaching VALUES('74420','443','Even',2002,'R5');
INSERT INTO teaching VALUES('77346','735','Even',2003,'R8');
INSERT INTO teaching VALUES('79081','200','Odd',2002,'R9');
INSERT INTO teaching VALUES('79081','408','Even',2003,'R4');
INSERT INTO teaching VALUES('79081','760','Even',2004,'R7');
INSERT INTO teaching VALUES('79081','974','Odd',2003,'R11');
INSERT INTO teaching VALUES('80759','559','Odd',2002,'R2');
INSERT INTO teaching VALUES('81991','702','Even',2001,'R3');
INSERT INTO teaching VALUES('90643','461','Odd',2002,'R11');
INSERT INTO teaching VALUES('95709','468','Odd',2005,'R4');
INSERT INTO teaching VALUES('99052','496','Odd',2001,'R4');
INSERT INTO teaching VALUES('99052','629','Even',2003,'R7');
INSERT INTO teaching VALUES('99052','748','Odd',2003,'R5');
INSERT INTO teaching VALUES('99052','802','Even',2003,'R10');
INSERT INTO teaching VALUES('99052','927','Odd',2002,'R13');
INSERT INTO teaching VALUES('CS01','CS635','Odd',2018,'CS25');
INSERT INTO teaching VALUES('CS07','CS320','Odd',2017,'CS34');
INSERT INTO teaching VALUES('CS07','CS320','Odd',2018,'CS34');
INSERT INTO teaching VALUES('CS07','CS630','even',2017,'CS36');
INSERT INTO teaching VALUES('CS07','CS630','even',2018,'CS36');
INSERT INTO teaching VALUES('CS07','CS635','Odd',2019,'CS25');
INSERT INTO teaching VALUES('CS07','CS635','Odd',2020,'CS25');


CREATE TABLE prerequisite (
  preReqCourse varchar(8) NOT NULL,
  courseId varchar(8) NOT NULL);

INSERT INTO prerequisite VALUES('preReqCourse','courseId');
INSERT INTO prerequisite VALUES('408','158');
INSERT INTO prerequisite VALUES('603','169');
INSERT INTO prerequisite VALUES('780','209');
INSERT INTO prerequisite VALUES('227','224');
INSERT INTO prerequisite VALUES('984','236');
INSERT INTO prerequisite VALUES('628','239');
INSERT INTO prerequisite VALUES('486','241');
INSERT INTO prerequisite VALUES('304','242');
INSERT INTO prerequisite VALUES('594','242');
INSERT INTO prerequisite VALUES('877','254');
INSERT INTO prerequisite VALUES('137','258');
INSERT INTO prerequisite VALUES('275','272');
INSERT INTO prerequisite VALUES('403','276');
INSERT INTO prerequisite VALUES('399','292');
INSERT INTO prerequisite VALUES('731','313');
INSERT INTO prerequisite VALUES('408','324');
INSERT INTO prerequisite VALUES('857','324');
INSERT INTO prerequisite VALUES('133','338');
INSERT INTO prerequisite VALUES('852','338');
INSERT INTO prerequisite VALUES('612','349');
INSERT INTO prerequisite VALUES('647','353');
INSERT INTO prerequisite VALUES('694','353');
INSERT INTO prerequisite VALUES('694','359');
INSERT INTO prerequisite VALUES('818','359');
INSERT INTO prerequisite VALUES('242','362');
INSERT INTO prerequisite VALUES('696','362');
INSERT INTO prerequisite VALUES('130','376');
INSERT INTO prerequisite VALUES('875','392');
INSERT INTO prerequisite VALUES('664','399');
INSERT INTO prerequisite VALUES('345','403');
INSERT INTO prerequisite VALUES('352','403');
INSERT INTO prerequisite VALUES('401','411');
INSERT INTO prerequisite VALUES('852','443');
INSERT INTO prerequisite VALUES('544','457');
INSERT INTO prerequisite VALUES('696','458');
INSERT INTO prerequisite VALUES('371','486');
INSERT INTO prerequisite VALUES('416','496');
INSERT INTO prerequisite VALUES('443','496');
INSERT INTO prerequisite VALUES('489','496');
INSERT INTO prerequisite VALUES('254','544');
INSERT INTO prerequisite VALUES('702','544');
INSERT INTO prerequisite VALUES('318','545');
INSERT INTO prerequisite VALUES('947','545');
INSERT INTO prerequisite VALUES('130','558');
INSERT INTO prerequisite VALUES('500','559');
INSERT INTO prerequisite VALUES('487','582');
INSERT INTO prerequisite VALUES('468','586');
INSERT INTO prerequisite VALUES('403','591');
INSERT INTO prerequisite VALUES('735','603');
INSERT INTO prerequisite VALUES('421','608');
INSERT INTO prerequisite VALUES('864','608');
INSERT INTO prerequisite VALUES('123','612');
INSERT INTO prerequisite VALUES('352','618');
INSERT INTO prerequisite VALUES('340','628');
INSERT INTO prerequisite VALUES('139','629');
INSERT INTO prerequisite VALUES('681','631');
INSERT INTO prerequisite VALUES('792','647');
INSERT INTO prerequisite VALUES('559','656');
INSERT INTO prerequisite VALUES('659','656');
INSERT INTO prerequisite VALUES('998','663');
INSERT INTO prerequisite VALUES('489','664');
INSERT INTO prerequisite VALUES('704','664');
INSERT INTO prerequisite VALUES('426','692');
INSERT INTO prerequisite VALUES('761','692');
INSERT INTO prerequisite VALUES('774','692');
INSERT INTO prerequisite VALUES('254','694');
INSERT INTO prerequisite VALUES('101','696');
INSERT INTO prerequisite VALUES('416','704');
INSERT INTO prerequisite VALUES('272','747');
INSERT INTO prerequisite VALUES('927','747');
INSERT INTO prerequisite VALUES('169','760');
INSERT INTO prerequisite VALUES('258','774');
INSERT INTO prerequisite VALUES('769','774');
INSERT INTO prerequisite VALUES('345','780');
INSERT INTO prerequisite VALUES('814','792');
INSERT INTO prerequisite VALUES('791','793');
INSERT INTO prerequisite VALUES('123','795');
INSERT INTO prerequisite VALUES('666','802');
INSERT INTO prerequisite VALUES('947','804');
INSERT INTO prerequisite VALUES('774','805');
INSERT INTO prerequisite VALUES('966','810');
INSERT INTO prerequisite VALUES('371','820');
INSERT INTO prerequisite VALUES('748','830');
INSERT INTO prerequisite VALUES('818','841');
INSERT INTO prerequisite VALUES('324','843');
INSERT INTO prerequisite VALUES('133','852');
INSERT INTO prerequisite VALUES('267','852');
INSERT INTO prerequisite VALUES('634','864');
INSERT INTO prerequisite VALUES('458','875');
INSERT INTO prerequisite VALUES('599','877');
INSERT INTO prerequisite VALUES('130','902');
INSERT INTO prerequisite VALUES('494','947');
INSERT INTO prerequisite VALUES('139','958');
INSERT INTO prerequisite VALUES('735','958');
INSERT INTO prerequisite VALUES('969','958');
INSERT INTO prerequisite VALUES('958','972');
INSERT INTO prerequisite VALUES('598','991');
INSERT INTO prerequisite VALUES('319','998');

CREATE TABLE professor (
  empId varchar2(5) NOT NULL,
  name varchar2(20) DEFAULT NULL,
  sex varchar2(6) DEFAULT NULL,
  startYear number(4,0) DEFAULT NULL,
  deptNo varchar2(20) DEFAULT NULL,
  phone number(10,0) DEFAULT NULL) ;

INSERT INTO professor VALUES('14365','Lembr','male',1999,'8',334943172);
INSERT INTO professor VALUES('15347','Bawa','male',1993,'15',333515172);
INSERT INTO professor VALUES('16807','Yazdi','male',1998,'15',335494237);
INSERT INTO professor VALUES('19368','Wieland','female',1999,'6',334645174);
INSERT INTO professor VALUES('22591','DAgostino','female',1999,'17',334229303);
INSERT INTO professor VALUES('25946','Liley','female',1993,'10',332164699);
INSERT INTO professor VALUES('28097','Kean','female',1995,'7',334112790);
INSERT INTO professor VALUES('28400','Atanassov','female',1997,'16',334536768);
INSERT INTO professor VALUES('31955','Moreira','male',1995,'8',334164683);
INSERT INTO professor VALUES('3199','Gustafsson','female',1996,'19',335770249);
INSERT INTO professor VALUES('3335','Bourrier','female',2000,'9',332299362);
INSERT INTO professor VALUES('34175','Bondi','female',1997,'9',334701351);
INSERT INTO professor VALUES('35579','Soisalon-Soininen','male',1994,'17',335487248);
INSERT INTO professor VALUES('36897','Morris','female',1994,'5',334153863);
INSERT INTO professor VALUES('37687','Arias','male',1996,'16',3324811240);
INSERT INTO professor VALUES('4034','Murata','male',1995,'15',332320735);
INSERT INTO professor VALUES('41930','Tung','female',1998,'15',334407807);
INSERT INTO professor VALUES('4233','Luo','male',1994,'7',3324976587);
INSERT INTO professor VALUES('42782','Vicentino','female',1995,'19',335742349);
INSERT INTO professor VALUES('43779','Romero','female',1993,'14',333591391);
INSERT INTO professor VALUES('48507','Lent','female',1998,'20',334556030);
INSERT INTO professor VALUES('48570','Sarkar','female',2000,'6',333582260);
INSERT INTO professor VALUES('50330','Shuming','male',1998,'4',334167886);
INSERT INTO professor VALUES('50885','Konstantinides','male',1996,'10',330000000);
INSERT INTO professor VALUES('52647','Bancilhon','female',1992,'6',334475430);
INSERT INTO professor VALUES('57180','Hau','male',1992,'8',3324162501);
INSERT INTO professor VALUES('58558','Dusserre','female',1996,'5',334159434);
INSERT INTO professor VALUES('59795','Desyl','female',1998,'10',336634618);
INSERT INTO professor VALUES('63287','Jaekel','female',1997,'15',325292429);
INSERT INTO professor VALUES('63395','McKinnon','male',1991,'13',334718535);
INSERT INTO professor VALUES('64871','Gutierrez','female',1991,'16',335434536);
INSERT INTO professor VALUES('6569','Mingoz','male',1997,'11',332226349);
INSERT INTO professor VALUES('65931','Pimenta','female',1999,'13',3320000000);
INSERT INTO professor VALUES('72553','Yin','female',1995,'7',333557431);
INSERT INTO professor VALUES('73623','Sullivan','male',2000,'19',3322802129);
INSERT INTO professor VALUES('74420','Voronina','male',1993,'4',334587482);
INSERT INTO professor VALUES('74426','Kenje','male',1994,'5',334711434);
INSERT INTO professor VALUES('77346','Mahmoud','female',1994,'12',333349421);
INSERT INTO professor VALUES('78699','Pingr','male',1992,'16',335118600);
INSERT INTO professor VALUES('79081','Ullman ','female',1991,'8',333575441);
INSERT INTO professor VALUES('79653','Levine','male',1997,'19',334244150);
INSERT INTO professor VALUES('80759','Queiroz','male',1999,'2',335740391);
INSERT INTO professor VALUES('81991','Valtchev','male',1991,'2',334680446);
INSERT INTO professor VALUES('90376','Bietzk','female',1996,'13',3324936888);
INSERT INTO professor VALUES('90643','Choll','male',2000,'16',335700818);
INSERT INTO professor VALUES('95030','Arinb','male',1992,'16',333351633);
INSERT INTO professor VALUES('95709','Sakurai','female',1992,'7',335762686);
INSERT INTO professor VALUES('96895','Mird','male',1993,'5',333585823);
INSERT INTO professor VALUES('97302','Bertolino','male',1991,'20',334832160);
INSERT INTO professor VALUES('99052','Dale','female',2000,'13',3325702987);
INSERT INTO professor VALUES('CS01','GIRIDHAR','male',1984,'9',22576345);
INSERT INTO professor VALUES('CS07','Ramanujam','male',2001,'9',22590101);


SELECT rollNo FROM student WHERE sex='female' AND name LIKE '%o%';

SELECT COUNT(empId) FROM professor WHERE name LIKE '%a' AND startYear>2000;

SELECT name FROM department WHERE deptId>=10 AND phone LIKE '%55%';

SELECT distinct(year),count(grade),count(year)
FROM enrollment
GROUP BY year;
SELECT distinct(year),count(grade),count(year)
FROM enrollment
WHERE grade='A'
GROUP BY year;

SELECT courseId,count(preReqCourse)
FROM prerequisite
GROUP BY courseId;

SELECT count(courseId) FROM teaching WHERE sem='Even' and classroom='%R1%';
SELECT count(courseId) FROM teaching WHERE sem='Odd' and classroom='%R1%';